row,col,bit,pin_name,object
0,0,0,d,"u_core_gen_pd_row[0].gen_pd_col[0].u_pd/nfast_hit_latched_reg[0]/D"
0,0,5,d,"u_core_gen_pd_row[0].gen_pd_col[0].u_pd/nfast_hit_latched_reg[5]/D"
0,0,6,d,"u_core_gen_pd_row[0].gen_pd_col[0].u_pd/nfast_hit_latched_reg[6]/D"
0,1,0,d,"u_core_gen_pd_row[0].gen_pd_col[1].u_pd/nfast_hit_latched_reg[0]/D"
0,1,5,d,"u_core_gen_pd_row[0].gen_pd_col[1].u_pd/nfast_hit_latched_reg[5]/D"
0,1,6,d,"u_core_gen_pd_row[0].gen_pd_col[1].u_pd/nfast_hit_latched_reg[6]/D"
0,2,0,d,"u_core_gen_pd_row[0].gen_pd_col[2].u_pd/nfast_hit_latched_reg[0]/D"
0,2,5,d,"u_core_gen_pd_row[0].gen_pd_col[2].u_pd/nfast_hit_latched_reg[5]/D"
0,2,6,d,"u_core_gen_pd_row[0].gen_pd_col[2].u_pd/nfast_hit_latched_reg[6]/D"
0,3,0,d,"u_core_gen_pd_row[0].gen_pd_col[3].u_pd/nfast_hit_latched_reg[0]/D"
0,3,5,d,"u_core_gen_pd_row[0].gen_pd_col[3].u_pd/nfast_hit_latched_reg[5]/D"
0,3,6,d,"u_core_gen_pd_row[0].gen_pd_col[3].u_pd/nfast_hit_latched_reg[6]/D"
0,4,0,d,"u_core_gen_pd_row[0].gen_pd_col[4].u_pd/nfast_hit_latched_reg[0]/D"
0,4,6,d,"u_core_gen_pd_row[0].gen_pd_col[4].u_pd/nfast_hit_latched_reg[6]/D"
0,4,5,d,"u_core_gen_pd_row[0].gen_pd_col[4].u_pd/nfast_hit_latched_reg[5]/D"
0,5,0,d,"u_core_gen_pd_row[0].gen_pd_col[5].u_pd/nfast_hit_latched_reg[0]/D"
0,5,5,d,"u_core_gen_pd_row[0].gen_pd_col[5].u_pd/nfast_hit_latched_reg[5]/D"
0,5,6,d,"u_core_gen_pd_row[0].gen_pd_col[5].u_pd/nfast_hit_latched_reg[6]/D"
0,6,0,d,"u_core_gen_pd_row[0].gen_pd_col[6].u_pd/nfast_hit_latched_reg[0]/D"
0,6,6,d,"u_core_gen_pd_row[0].gen_pd_col[6].u_pd/nfast_hit_latched_reg[6]/D"
0,6,5,d,"u_core_gen_pd_row[0].gen_pd_col[6].u_pd/nfast_hit_latched_reg[5]/D"
0,7,0,d,"u_core_gen_pd_row[0].gen_pd_col[7].u_pd/nfast_hit_latched_reg[0]/D"
0,7,5,d,"u_core_gen_pd_row[0].gen_pd_col[7].u_pd/nfast_hit_latched_reg[5]/D"
0,7,6,d,"u_core_gen_pd_row[0].gen_pd_col[7].u_pd/nfast_hit_latched_reg[6]/D"
1,0,0,d,"u_core_gen_pd_row[1].gen_pd_col[0].u_pd/nfast_hit_latched_reg[0]/D"
1,0,5,d,"u_core_gen_pd_row[1].gen_pd_col[0].u_pd/nfast_hit_latched_reg[5]/D"
1,0,6,d,"u_core_gen_pd_row[1].gen_pd_col[0].u_pd/nfast_hit_latched_reg[6]/D"
1,1,0,d,"u_core_gen_pd_row[1].gen_pd_col[1].u_pd/nfast_hit_latched_reg[0]/D"
1,1,6,d,"u_core_gen_pd_row[1].gen_pd_col[1].u_pd/nfast_hit_latched_reg[6]/D"
1,1,5,d,"u_core_gen_pd_row[1].gen_pd_col[1].u_pd/nfast_hit_latched_reg[5]/D"
1,2,0,d,"u_core_gen_pd_row[1].gen_pd_col[2].u_pd/nfast_hit_latched_reg[0]/D"
1,2,5,d,"u_core_gen_pd_row[1].gen_pd_col[2].u_pd/nfast_hit_latched_reg[5]/D"
1,2,6,d,"u_core_gen_pd_row[1].gen_pd_col[2].u_pd/nfast_hit_latched_reg[6]/D"
1,3,0,d,"u_core_gen_pd_row[1].gen_pd_col[3].u_pd/nfast_hit_latched_reg[0]/D"
1,3,5,d,"u_core_gen_pd_row[1].gen_pd_col[3].u_pd/nfast_hit_latched_reg[5]/D"
1,3,6,d,"u_core_gen_pd_row[1].gen_pd_col[3].u_pd/nfast_hit_latched_reg[6]/D"
1,4,0,d,"u_core_gen_pd_row[1].gen_pd_col[4].u_pd/nfast_hit_latched_reg[0]/D"
1,4,5,d,"u_core_gen_pd_row[1].gen_pd_col[4].u_pd/nfast_hit_latched_reg[5]/D"
1,4,6,d,"u_core_gen_pd_row[1].gen_pd_col[4].u_pd/nfast_hit_latched_reg[6]/D"
1,5,0,d,"u_core_gen_pd_row[1].gen_pd_col[5].u_pd/nfast_hit_latched_reg[0]/D"
1,5,5,d,"u_core_gen_pd_row[1].gen_pd_col[5].u_pd/nfast_hit_latched_reg[5]/D"
1,5,6,d,"u_core_gen_pd_row[1].gen_pd_col[5].u_pd/nfast_hit_latched_reg[6]/D"
1,6,0,d,"u_core_gen_pd_row[1].gen_pd_col[6].u_pd/nfast_hit_latched_reg[0]/D"
1,6,5,d,"u_core_gen_pd_row[1].gen_pd_col[6].u_pd/nfast_hit_latched_reg[5]/D"
1,6,6,d,"u_core_gen_pd_row[1].gen_pd_col[6].u_pd/nfast_hit_latched_reg[6]/D"
1,7,0,d,"u_core_gen_pd_row[1].gen_pd_col[7].u_pd/nfast_hit_latched_reg[0]/D"
1,7,6,d,"u_core_gen_pd_row[1].gen_pd_col[7].u_pd/nfast_hit_latched_reg[6]/D"
1,7,5,d,"u_core_gen_pd_row[1].gen_pd_col[7].u_pd/nfast_hit_latched_reg[5]/D"
2,0,0,d,"u_core_gen_pd_row[2].gen_pd_col[0].u_pd/nfast_hit_latched_reg[0]/D"
2,0,5,d,"u_core_gen_pd_row[2].gen_pd_col[0].u_pd/nfast_hit_latched_reg[5]/D"
2,0,6,d,"u_core_gen_pd_row[2].gen_pd_col[0].u_pd/nfast_hit_latched_reg[6]/D"
2,1,0,d,"u_core_gen_pd_row[2].gen_pd_col[1].u_pd/nfast_hit_latched_reg[0]/D"
2,1,5,d,"u_core_gen_pd_row[2].gen_pd_col[1].u_pd/nfast_hit_latched_reg[5]/D"
2,1,6,d,"u_core_gen_pd_row[2].gen_pd_col[1].u_pd/nfast_hit_latched_reg[6]/D"
2,2,0,d,"u_core_gen_pd_row[2].gen_pd_col[2].u_pd/nfast_hit_latched_reg[0]/D"
2,2,5,d,"u_core_gen_pd_row[2].gen_pd_col[2].u_pd/nfast_hit_latched_reg[5]/D"
2,2,6,d,"u_core_gen_pd_row[2].gen_pd_col[2].u_pd/nfast_hit_latched_reg[6]/D"
2,3,0,d,"u_core_gen_pd_row[2].gen_pd_col[3].u_pd/nfast_hit_latched_reg[0]/D"
2,3,5,d,"u_core_gen_pd_row[2].gen_pd_col[3].u_pd/nfast_hit_latched_reg[5]/D"
2,3,6,d,"u_core_gen_pd_row[2].gen_pd_col[3].u_pd/nfast_hit_latched_reg[6]/D"
2,4,0,d,"u_core_gen_pd_row[2].gen_pd_col[4].u_pd/nfast_hit_latched_reg[0]/D"
2,4,6,d,"u_core_gen_pd_row[2].gen_pd_col[4].u_pd/nfast_hit_latched_reg[6]/D"
2,4,5,d,"u_core_gen_pd_row[2].gen_pd_col[4].u_pd/nfast_hit_latched_reg[5]/D"
2,5,0,d,"u_core_gen_pd_row[2].gen_pd_col[5].u_pd/nfast_hit_latched_reg[0]/D"
2,5,5,d,"u_core_gen_pd_row[2].gen_pd_col[5].u_pd/nfast_hit_latched_reg[5]/D"
2,5,6,d,"u_core_gen_pd_row[2].gen_pd_col[5].u_pd/nfast_hit_latched_reg[6]/D"
2,6,0,d,"u_core_gen_pd_row[2].gen_pd_col[6].u_pd/nfast_hit_latched_reg[0]/D"
2,6,6,d,"u_core_gen_pd_row[2].gen_pd_col[6].u_pd/nfast_hit_latched_reg[6]/D"
2,6,5,d,"u_core_gen_pd_row[2].gen_pd_col[6].u_pd/nfast_hit_latched_reg[5]/D"
2,7,0,d,"u_core_gen_pd_row[2].gen_pd_col[7].u_pd/nfast_hit_latched_reg[0]/D"
2,7,5,d,"u_core_gen_pd_row[2].gen_pd_col[7].u_pd/nfast_hit_latched_reg[5]/D"
2,7,6,d,"u_core_gen_pd_row[2].gen_pd_col[7].u_pd/nfast_hit_latched_reg[6]/D"
3,0,0,d,"u_core_gen_pd_row[3].gen_pd_col[0].u_pd/nfast_hit_latched_reg[0]/D"
3,0,5,d,"u_core_gen_pd_row[3].gen_pd_col[0].u_pd/nfast_hit_latched_reg[5]/D"
3,0,6,d,"u_core_gen_pd_row[3].gen_pd_col[0].u_pd/nfast_hit_latched_reg[6]/D"
3,1,0,d,"u_core_gen_pd_row[3].gen_pd_col[1].u_pd/nfast_hit_latched_reg[0]/D"
3,1,5,d,"u_core_gen_pd_row[3].gen_pd_col[1].u_pd/nfast_hit_latched_reg[5]/D"
3,1,6,d,"u_core_gen_pd_row[3].gen_pd_col[1].u_pd/nfast_hit_latched_reg[6]/D"
3,2,0,d,"u_core_gen_pd_row[3].gen_pd_col[2].u_pd/nfast_hit_latched_reg[0]/D"
3,2,5,d,"u_core_gen_pd_row[3].gen_pd_col[2].u_pd/nfast_hit_latched_reg[5]/D"
3,2,6,d,"u_core_gen_pd_row[3].gen_pd_col[2].u_pd/nfast_hit_latched_reg[6]/D"
3,3,0,d,"u_core_gen_pd_row[3].gen_pd_col[3].u_pd/nfast_hit_latched_reg[0]/D"
3,3,5,d,"u_core_gen_pd_row[3].gen_pd_col[3].u_pd/nfast_hit_latched_reg[5]/D"
3,3,6,d,"u_core_gen_pd_row[3].gen_pd_col[3].u_pd/nfast_hit_latched_reg[6]/D"
3,4,0,d,"u_core_gen_pd_row[3].gen_pd_col[4].u_pd/nfast_hit_latched_reg[0]/D"
3,4,6,d,"u_core_gen_pd_row[3].gen_pd_col[4].u_pd/nfast_hit_latched_reg[6]/D"
3,4,5,d,"u_core_gen_pd_row[3].gen_pd_col[4].u_pd/nfast_hit_latched_reg[5]/D"
3,5,0,d,"u_core_gen_pd_row[3].gen_pd_col[5].u_pd/nfast_hit_latched_reg[0]/D"
3,5,5,d,"u_core_gen_pd_row[3].gen_pd_col[5].u_pd/nfast_hit_latched_reg[5]/D"
3,5,6,d,"u_core_gen_pd_row[3].gen_pd_col[5].u_pd/nfast_hit_latched_reg[6]/D"
3,6,0,d,"u_core_gen_pd_row[3].gen_pd_col[6].u_pd/nfast_hit_latched_reg[0]/D"
3,6,6,d,"u_core_gen_pd_row[3].gen_pd_col[6].u_pd/nfast_hit_latched_reg[6]/D"
3,6,5,d,"u_core_gen_pd_row[3].gen_pd_col[6].u_pd/nfast_hit_latched_reg[5]/D"
3,7,0,d,"u_core_gen_pd_row[3].gen_pd_col[7].u_pd/nfast_hit_latched_reg[0]/D"
3,7,5,d,"u_core_gen_pd_row[3].gen_pd_col[7].u_pd/nfast_hit_latched_reg[5]/D"
3,7,6,d,"u_core_gen_pd_row[3].gen_pd_col[7].u_pd/nfast_hit_latched_reg[6]/D"
4,0,0,d,"u_core_gen_pd_row[4].gen_pd_col[0].u_pd/nfast_hit_latched_reg[0]/D"
4,0,6,d,"u_core_gen_pd_row[4].gen_pd_col[0].u_pd/nfast_hit_latched_reg[6]/D"
4,0,5,d,"u_core_gen_pd_row[4].gen_pd_col[0].u_pd/nfast_hit_latched_reg[5]/D"
4,1,0,d,"u_core_gen_pd_row[4].gen_pd_col[1].u_pd/nfast_hit_latched_reg[0]/D"
4,1,6,d,"u_core_gen_pd_row[4].gen_pd_col[1].u_pd/nfast_hit_latched_reg[6]/D"
4,1,5,d,"u_core_gen_pd_row[4].gen_pd_col[1].u_pd/nfast_hit_latched_reg[5]/D"
4,2,0,d,"u_core_gen_pd_row[4].gen_pd_col[2].u_pd/nfast_hit_latched_reg[0]/D"
4,2,5,d,"u_core_gen_pd_row[4].gen_pd_col[2].u_pd/nfast_hit_latched_reg[5]/D"
4,2,6,d,"u_core_gen_pd_row[4].gen_pd_col[2].u_pd/nfast_hit_latched_reg[6]/D"
4,3,0,d,"u_core_gen_pd_row[4].gen_pd_col[3].u_pd/nfast_hit_latched_reg[0]/D"
4,3,5,d,"u_core_gen_pd_row[4].gen_pd_col[3].u_pd/nfast_hit_latched_reg[5]/D"
4,3,6,d,"u_core_gen_pd_row[4].gen_pd_col[3].u_pd/nfast_hit_latched_reg[6]/D"
4,4,0,d,"u_core_gen_pd_row[4].gen_pd_col[4].u_pd/nfast_hit_latched_reg[0]/D"
4,4,6,d,"u_core_gen_pd_row[4].gen_pd_col[4].u_pd/nfast_hit_latched_reg[6]/D"
4,4,5,d,"u_core_gen_pd_row[4].gen_pd_col[4].u_pd/nfast_hit_latched_reg[5]/D"
4,5,0,d,"u_core_gen_pd_row[4].gen_pd_col[5].u_pd/nfast_hit_latched_reg[0]/D"
4,5,6,d,"u_core_gen_pd_row[4].gen_pd_col[5].u_pd/nfast_hit_latched_reg[6]/D"
4,5,5,d,"u_core_gen_pd_row[4].gen_pd_col[5].u_pd/nfast_hit_latched_reg[5]/D"
4,6,0,d,"u_core_gen_pd_row[4].gen_pd_col[6].u_pd/nfast_hit_latched_reg[0]/D"
4,6,5,d,"u_core_gen_pd_row[4].gen_pd_col[6].u_pd/nfast_hit_latched_reg[5]/D"
4,6,6,d,"u_core_gen_pd_row[4].gen_pd_col[6].u_pd/nfast_hit_latched_reg[6]/D"
4,7,0,d,"u_core_gen_pd_row[4].gen_pd_col[7].u_pd/nfast_hit_latched_reg[0]/D"
4,7,5,d,"u_core_gen_pd_row[4].gen_pd_col[7].u_pd/nfast_hit_latched_reg[5]/D"
4,7,6,d,"u_core_gen_pd_row[4].gen_pd_col[7].u_pd/nfast_hit_latched_reg[6]/D"
5,0,0,d,"u_core_gen_pd_row[5].gen_pd_col[0].u_pd/nfast_hit_latched_reg[0]/D"
5,0,6,d,"u_core_gen_pd_row[5].gen_pd_col[0].u_pd/nfast_hit_latched_reg[6]/D"
5,0,5,d,"u_core_gen_pd_row[5].gen_pd_col[0].u_pd/nfast_hit_latched_reg[5]/D"
5,1,0,d,"u_core_gen_pd_row[5].gen_pd_col[1].u_pd/nfast_hit_latched_reg[0]/D"
5,1,5,d,"u_core_gen_pd_row[5].gen_pd_col[1].u_pd/nfast_hit_latched_reg[5]/D"
5,1,6,d,"u_core_gen_pd_row[5].gen_pd_col[1].u_pd/nfast_hit_latched_reg[6]/D"
5,2,0,d,"u_core_gen_pd_row[5].gen_pd_col[2].u_pd/nfast_hit_latched_reg[0]/D"
5,2,5,d,"u_core_gen_pd_row[5].gen_pd_col[2].u_pd/nfast_hit_latched_reg[5]/D"
5,2,6,d,"u_core_gen_pd_row[5].gen_pd_col[2].u_pd/nfast_hit_latched_reg[6]/D"
5,3,0,d,"u_core_gen_pd_row[5].gen_pd_col[3].u_pd/nfast_hit_latched_reg[0]/D"
5,3,5,d,"u_core_gen_pd_row[5].gen_pd_col[3].u_pd/nfast_hit_latched_reg[5]/D"
5,3,6,d,"u_core_gen_pd_row[5].gen_pd_col[3].u_pd/nfast_hit_latched_reg[6]/D"
5,4,0,d,"u_core_gen_pd_row[5].gen_pd_col[4].u_pd/nfast_hit_latched_reg[0]/D"
5,4,6,d,"u_core_gen_pd_row[5].gen_pd_col[4].u_pd/nfast_hit_latched_reg[6]/D"
5,4,5,d,"u_core_gen_pd_row[5].gen_pd_col[4].u_pd/nfast_hit_latched_reg[5]/D"
5,5,0,d,"u_core_gen_pd_row[5].gen_pd_col[5].u_pd/nfast_hit_latched_reg[0]/D"
5,5,5,d,"u_core_gen_pd_row[5].gen_pd_col[5].u_pd/nfast_hit_latched_reg[5]/D"
5,5,6,d,"u_core_gen_pd_row[5].gen_pd_col[5].u_pd/nfast_hit_latched_reg[6]/D"
5,6,0,d,"u_core_gen_pd_row[5].gen_pd_col[6].u_pd/nfast_hit_latched_reg[0]/D"
5,6,5,d,"u_core_gen_pd_row[5].gen_pd_col[6].u_pd/nfast_hit_latched_reg[5]/D"
5,6,6,d,"u_core_gen_pd_row[5].gen_pd_col[6].u_pd/nfast_hit_latched_reg[6]/D"
5,7,0,d,"u_core_gen_pd_row[5].gen_pd_col[7].u_pd/nfast_hit_latched_reg[0]/D"
5,7,5,d,"u_core_gen_pd_row[5].gen_pd_col[7].u_pd/nfast_hit_latched_reg[5]/D"
5,7,6,d,"u_core_gen_pd_row[5].gen_pd_col[7].u_pd/nfast_hit_latched_reg[6]/D"
6,0,0,d,"u_core_gen_pd_row[6].gen_pd_col[0].u_pd/nfast_hit_latched_reg[0]/D"
6,0,6,d,"u_core_gen_pd_row[6].gen_pd_col[0].u_pd/nfast_hit_latched_reg[6]/D"
6,0,5,d,"u_core_gen_pd_row[6].gen_pd_col[0].u_pd/nfast_hit_latched_reg[5]/D"
6,1,0,d,"u_core_gen_pd_row[6].gen_pd_col[1].u_pd/nfast_hit_latched_reg[0]/D"
6,1,5,d,"u_core_gen_pd_row[6].gen_pd_col[1].u_pd/nfast_hit_latched_reg[5]/D"
6,1,6,d,"u_core_gen_pd_row[6].gen_pd_col[1].u_pd/nfast_hit_latched_reg[6]/D"
6,2,0,d,"u_core_gen_pd_row[6].gen_pd_col[2].u_pd/nfast_hit_latched_reg[0]/D"
6,2,5,d,"u_core_gen_pd_row[6].gen_pd_col[2].u_pd/nfast_hit_latched_reg[5]/D"
6,2,6,d,"u_core_gen_pd_row[6].gen_pd_col[2].u_pd/nfast_hit_latched_reg[6]/D"
6,3,0,d,"u_core_gen_pd_row[6].gen_pd_col[3].u_pd/nfast_hit_latched_reg[0]/D"
6,3,5,d,"u_core_gen_pd_row[6].gen_pd_col[3].u_pd/nfast_hit_latched_reg[5]/D"
6,3,6,d,"u_core_gen_pd_row[6].gen_pd_col[3].u_pd/nfast_hit_latched_reg[6]/D"
6,4,0,d,"u_core_gen_pd_row[6].gen_pd_col[4].u_pd/nfast_hit_latched_reg[0]/D"
6,4,6,d,"u_core_gen_pd_row[6].gen_pd_col[4].u_pd/nfast_hit_latched_reg[6]/D"
6,4,5,d,"u_core_gen_pd_row[6].gen_pd_col[4].u_pd/nfast_hit_latched_reg[5]/D"
6,5,0,d,"u_core_gen_pd_row[6].gen_pd_col[5].u_pd/nfast_hit_latched_reg[0]/D"
6,5,5,d,"u_core_gen_pd_row[6].gen_pd_col[5].u_pd/nfast_hit_latched_reg[5]/D"
6,5,6,d,"u_core_gen_pd_row[6].gen_pd_col[5].u_pd/nfast_hit_latched_reg[6]/D"
6,6,0,d,"u_core_gen_pd_row[6].gen_pd_col[6].u_pd/nfast_hit_latched_reg[0]/D"
6,6,5,d,"u_core_gen_pd_row[6].gen_pd_col[6].u_pd/nfast_hit_latched_reg[5]/D"
6,6,6,d,"u_core_gen_pd_row[6].gen_pd_col[6].u_pd/nfast_hit_latched_reg[6]/D"
6,7,0,d,"u_core_gen_pd_row[6].gen_pd_col[7].u_pd/nfast_hit_latched_reg[0]/D"
6,7,5,d,"u_core_gen_pd_row[6].gen_pd_col[7].u_pd/nfast_hit_latched_reg[5]/D"
6,7,6,d,"u_core_gen_pd_row[6].gen_pd_col[7].u_pd/nfast_hit_latched_reg[6]/D"
7,0,0,d,"u_core_gen_pd_row[7].gen_pd_col[0].u_pd/nfast_hit_latched_reg[0]/D"
7,0,5,d,"u_core_gen_pd_row[7].gen_pd_col[0].u_pd/nfast_hit_latched_reg[5]/D"
7,0,6,d,"u_core_gen_pd_row[7].gen_pd_col[0].u_pd/nfast_hit_latched_reg[6]/D"
7,1,0,d,"u_core_gen_pd_row[7].gen_pd_col[1].u_pd/nfast_hit_latched_reg[0]/D"
7,1,6,d,"u_core_gen_pd_row[7].gen_pd_col[1].u_pd/nfast_hit_latched_reg[6]/D"
7,1,5,d,"u_core_gen_pd_row[7].gen_pd_col[1].u_pd/nfast_hit_latched_reg[5]/D"
7,2,0,d,"u_core_gen_pd_row[7].gen_pd_col[2].u_pd/nfast_hit_latched_reg[0]/D"
7,2,5,d,"u_core_gen_pd_row[7].gen_pd_col[2].u_pd/nfast_hit_latched_reg[5]/D"
7,2,6,d,"u_core_gen_pd_row[7].gen_pd_col[2].u_pd/nfast_hit_latched_reg[6]/D"
7,3,0,d,"u_core_gen_pd_row[7].gen_pd_col[3].u_pd/nfast_hit_latched_reg[0]/D"
7,3,5,d,"u_core_gen_pd_row[7].gen_pd_col[3].u_pd/nfast_hit_latched_reg[5]/D"
7,3,6,d,"u_core_gen_pd_row[7].gen_pd_col[3].u_pd/nfast_hit_latched_reg[6]/D"
7,4,0,d,"u_core_gen_pd_row[7].gen_pd_col[4].u_pd/nfast_hit_latched_reg[0]/D"
7,4,5,d,"u_core_gen_pd_row[7].gen_pd_col[4].u_pd/nfast_hit_latched_reg[5]/D"
7,4,6,d,"u_core_gen_pd_row[7].gen_pd_col[4].u_pd/nfast_hit_latched_reg[6]/D"
7,5,0,d,"u_core_gen_pd_row[7].gen_pd_col[5].u_pd/nfast_hit_latched_reg[0]/D"
7,5,5,d,"u_core_gen_pd_row[7].gen_pd_col[5].u_pd/nfast_hit_latched_reg[5]/D"
7,5,6,d,"u_core_gen_pd_row[7].gen_pd_col[5].u_pd/nfast_hit_latched_reg[6]/D"
7,6,0,d,"u_core_gen_pd_row[7].gen_pd_col[6].u_pd/nfast_hit_latched_reg[0]/D"
7,6,5,d,"u_core_gen_pd_row[7].gen_pd_col[6].u_pd/nfast_hit_latched_reg[5]/D"
7,6,6,d,"u_core_gen_pd_row[7].gen_pd_col[6].u_pd/nfast_hit_latched_reg[6]/D"
7,7,0,d,"u_core_gen_pd_row[7].gen_pd_col[7].u_pd/nfast_hit_latched_reg[0]/D"
7,7,6,d,"u_core_gen_pd_row[7].gen_pd_col[7].u_pd/nfast_hit_latched_reg[6]/D"
7,7,5,d,"u_core_gen_pd_row[7].gen_pd_col[7].u_pd/nfast_hit_latched_reg[5]/D"
