idx	inst	inst_orient	marker_layer	marker_local_box	marker_lef_box	overlapping_lef_pins_same_layer	overlapping_obs_count_same_layer	nearest_pin_same_layer	nearest_pin_distance_um	classification	orientation_warning	message
82	u_core_u_osc_fast_u_ro_tune4	MX	MET1	66.410000 0.165000 66.640000 0.395000	-2.290000 -18.410000 -2.060000 -18.180000		0	code[6]:MET1:-2.290000 -18.885000 -2.060000 -18.655000	0.245000	NO_OBS_OR_PIN_OVERLAP		Regular Wire of Net u_core_ro_fast_code_q[6] & Regular Wire of Net u_core_ro_fast_code_q[0] Type: Metal Short # -1 -1 9 2 : 116.8100 120.5650 117.0400 120.7950 1: 116.8100 120.5650 117.0400 120.7950 1
83	u_core_u_osc_fast_u_ro_tune4	MX	MET1	67.085000 -0.535000 67.125000 0.395000	-1.615000 -18.410000 -1.575000 -17.480000		0	code[7]:MET1:-1.805000 -18.885000 -1.575000 -18.655000	0.245000	NO_OBS_OR_PIN_OVERLAP		Regular Wire of Net u_core_ro_fast_code_q[0] & Regular Wire of Net u_core_ro_fast_code_q[7] Type: Metal Short # -1 -1 9 2 : 117.4850 119.8650 117.5250 120.7950 1: 117.4850 119.8650 117.5250 120.7950 1
84	u_core_u_osc_fast_u_ro_tune4	MX	MET1	67.085000 -0.535000 67.175000 -0.305000	-1.615000 -17.710000 -1.525000 -17.480000		0	code[7]:MET1:-1.805000 -18.885000 -1.575000 -18.655000	0.945000	NO_OBS_OR_PIN_OVERLAP		Regular Wire of Net u_core_ro_fast_code_q[7] & Regular Wire of Net u_core_ro_fast_code_q[0] Type: Metal Short # -1 -1 9 2 : 117.4850 119.8650 117.5750 120.0950 1: 117.4850 119.8650 117.5750 120.0950 1
85	u_core_u_osc_fast_u_ro_tune4	MX	MET1	67.085000 -0.535000 67.200000 -0.305000	-1.615000 -17.710000 -1.500000 -17.480000		0	code[7]:MET1:-1.805000 -18.885000 -1.575000 -18.655000	0.945000	NO_OBS_OR_PIN_OVERLAP		Regular Wire of Net u_core_ro_fast_code_q[7] & Regular Wire of Net u_core_ro_fast_code_q[0] Type: Metal Short # -1 -1 9 2 : 117.4850 119.8650 117.6000 120.0950 1: 117.4850 119.8650 117.6000 120.0950 1
86	u_core_u_osc_fast_u_ro_tune4	MX	MET1	67.085000 0.165000 67.125000 0.395000	-1.615000 -18.410000 -1.575000 -18.180000		0	code[7]:MET1:-1.805000 -18.885000 -1.575000 -18.655000	0.245000	NO_OBS_OR_PIN_OVERLAP		Regular Wire of Net u_core_ro_fast_code_q[7] & Regular Wire of Net u_core_ro_fast_code_q[0] Type: Metal Short # -1 -1 9 2 : 117.4850 120.5650 117.5250 120.7950 1: 117.4850 120.5650 117.5250 120.7950 1
87	u_core_u_osc_fast_u_ro_tune4	MX	MET1	66.410000 0.165000 66.640000 0.395000	-2.290000 -18.410000 -2.060000 -18.180000		0	code[6]:MET1:-2.290000 -18.885000 -2.060000 -18.655000	0.245000	NO_OBS_OR_PIN_OVERLAP		Regular Wire of Net u_core_ro_fast_code_q[0] & Pin of Cell u_core_u_osc_fast_u_ro_tune4 Type: Metal Short # -1 -1 9 2 : 116.8100 120.5650 117.0400 120.7950 1: 116.8100 120.5650 117.0400 120.7950 1
88	u_core_u_osc_fast_u_ro_tune4	MX	MET1	66.895000 0.165000 67.175000 0.395000	-1.805000 -18.410000 -1.525000 -18.180000		0	code[7]:MET1:-1.805000 -18.885000 -1.575000 -18.655000	0.245000	NO_OBS_OR_PIN_OVERLAP		Regular Wire of Net u_core_ro_fast_code_q[0] & Regular Wire of Net u_core_ro_fast_code_q[7] Type: Metal Short # -1 -1 9 2 : 117.2950 120.5650 117.5750 120.7950 1: 117.2950 120.5650 117.5750 120.7950 1
89	u_core_u_osc_fast_u_ro_tune4	MX	MET1	67.085000 -0.535000 67.200000 -0.230000	-1.615000 -17.785000 -1.500000 -17.480000		0	code[7]:MET1:-1.805000 -18.885000 -1.575000 -18.655000	0.870000	NO_OBS_OR_PIN_OVERLAP		Regular Wire of Net u_core_ro_fast_code_q[0] & Regular Wire of Net u_core_ro_fast_code_q[7] Type: Metal Short # -1 -1 9 2 : 117.4850 119.8650 117.6000 120.1700 1: 117.4850 119.8650 117.6000 120.1700 1
90	u_core_u_osc_fast_u_ro_tune4	MX	MET1	67.085000 -0.535000 67.175000 0.395000	-1.615000 -18.410000 -1.525000 -17.480000		0	code[7]:MET1:-1.805000 -18.885000 -1.575000 -18.655000	0.245000	NO_OBS_OR_PIN_OVERLAP		Regular Wire of Net u_core_ro_fast_code_q[7] & Regular Wire of Net u_core_ro_fast_code_q[0] Type: Metal Short # -1 -1 9 2 : 117.4850 119.8650 117.5750 120.7950 1: 117.4850 119.8650 117.5750 120.7950 1
