polarity	inst_term	instance	master	pin	net
HIGH	{u_rst_core_sync/sync_q_reg[0]/D}	{u_rst_core_sync/sync_q_reg[0]}	DFRRQJIHDX1	D	0x0
HIGH	{u_core_gen_pd_row[0].gen_pd_col[0].u_pd/nfast_hit_latched_reg[0]/SN}	{u_core_gen_pd_row[0].gen_pd_col[0].u_pd/nfast_hit_latched_reg[0]}	DFRSJIHDX2	SN	0x0
HIGH	{u_core_gen_pd_row[0].gen_pd_col[1].u_pd/nfast_hit_latched_reg[0]/SN}	{u_core_gen_pd_row[0].gen_pd_col[1].u_pd/nfast_hit_latched_reg[0]}	DFRSJIHDX1	SN	0x0
HIGH	{u_core_gen_pd_row[0].gen_pd_col[2].u_pd/nfast_hit_latched_reg[0]/SN}	{u_core_gen_pd_row[0].gen_pd_col[2].u_pd/nfast_hit_latched_reg[0]}	DFRSQJIHDX1	SN	0x0
HIGH	{u_core_gen_pd_row[0].gen_pd_col[3].u_pd/nfast_hit_latched_reg[0]/SN}	{u_core_gen_pd_row[0].gen_pd_col[3].u_pd/nfast_hit_latched_reg[0]}	DFRSJIHDX2	SN	0x0
HIGH	{u_core_gen_pd_row[0].gen_pd_col[4].u_pd/nfast_hit_latched_reg[0]/SN}	{u_core_gen_pd_row[0].gen_pd_col[4].u_pd/nfast_hit_latched_reg[0]}	DFRSQJIHDX4	SN	0x0
HIGH	{u_core_gen_pd_row[0].gen_pd_col[5].u_pd/nfast_hit_latched_reg[0]/SN}	{u_core_gen_pd_row[0].gen_pd_col[5].u_pd/nfast_hit_latched_reg[0]}	DFRSJIHDX2	SN	0x0
HIGH	{u_core_gen_pd_row[0].gen_pd_col[6].u_pd/nfast_hit_latched_reg[0]/SN}	{u_core_gen_pd_row[0].gen_pd_col[6].u_pd/nfast_hit_latched_reg[0]}	DFRSQJIHDX2	SN	0x0
HIGH	{u_core_gen_pd_row[0].gen_pd_col[7].u_pd/nfast_hit_latched_reg[0]/SN}	{u_core_gen_pd_row[0].gen_pd_col[7].u_pd/nfast_hit_latched_reg[0]}	DFRSJIHDX1	SN	0x0
HIGH	{u_core_gen_pd_row[1].gen_pd_col[0].u_pd/nfast_hit_latched_reg[0]/SN}	{u_core_gen_pd_row[1].gen_pd_col[0].u_pd/nfast_hit_latched_reg[0]}	DFRSJIHDX1	SN	0x0
HIGH	{u_core_gen_pd_row[1].gen_pd_col[1].u_pd/nfast_hit_latched_reg[0]/SN}	{u_core_gen_pd_row[1].gen_pd_col[1].u_pd/nfast_hit_latched_reg[0]}	DFRSQJIHDX4	SN	0x0
HIGH	{u_core_gen_pd_row[1].gen_pd_col[2].u_pd/nfast_hit_latched_reg[0]/SN}	{u_core_gen_pd_row[1].gen_pd_col[2].u_pd/nfast_hit_latched_reg[0]}	DFRSQJIHDX4	SN	0x0
HIGH	{u_core_gen_pd_row[1].gen_pd_col[3].u_pd/nfast_hit_latched_reg[0]/SN}	{u_core_gen_pd_row[1].gen_pd_col[3].u_pd/nfast_hit_latched_reg[0]}	DFRSJIHDX2	SN	0x0
HIGH	{u_core_gen_pd_row[1].gen_pd_col[4].u_pd/nfast_hit_latched_reg[0]/SN}	{u_core_gen_pd_row[1].gen_pd_col[4].u_pd/nfast_hit_latched_reg[0]}	DFRSJIHDX2	SN	0x0
HIGH	{u_core_gen_pd_row[1].gen_pd_col[5].u_pd/nfast_hit_latched_reg[0]/SN}	{u_core_gen_pd_row[1].gen_pd_col[5].u_pd/nfast_hit_latched_reg[0]}	DFRSJIHDX2	SN	0x0
HIGH	{u_core_gen_pd_row[1].gen_pd_col[6].u_pd/nfast_hit_latched_reg[0]/SN}	{u_core_gen_pd_row[1].gen_pd_col[6].u_pd/nfast_hit_latched_reg[0]}	DFRSJIHDX1	SN	0x0
HIGH	{u_core_gen_pd_row[1].gen_pd_col[7].u_pd/nfast_hit_latched_reg[0]/SN}	{u_core_gen_pd_row[1].gen_pd_col[7].u_pd/nfast_hit_latched_reg[0]}	DFRSQJIHDX1	SN	0x0
HIGH	{u_core_gen_pd_row[2].gen_pd_col[0].u_pd/nfast_hit_latched_reg[0]/SN}	{u_core_gen_pd_row[2].gen_pd_col[0].u_pd/nfast_hit_latched_reg[0]}	DFRSJIHDX1	SN	0x0
HIGH	{u_core_gen_pd_row[2].gen_pd_col[1].u_pd/nfast_hit_latched_reg[0]/SN}	{u_core_gen_pd_row[2].gen_pd_col[1].u_pd/nfast_hit_latched_reg[0]}	DFRSJIHDX2	SN	0x0
HIGH	{u_core_gen_pd_row[2].gen_pd_col[2].u_pd/nfast_hit_latched_reg[0]/SN}	{u_core_gen_pd_row[2].gen_pd_col[2].u_pd/nfast_hit_latched_reg[0]}	DFRSQJIHDX4	SN	0x0
HIGH	{u_core_gen_pd_row[2].gen_pd_col[3].u_pd/nfast_hit_latched_reg[0]/SN}	{u_core_gen_pd_row[2].gen_pd_col[3].u_pd/nfast_hit_latched_reg[0]}	DFRSJIHDX2	SN	0x0
HIGH	{u_core_gen_pd_row[2].gen_pd_col[4].u_pd/nfast_hit_latched_reg[0]/SN}	{u_core_gen_pd_row[2].gen_pd_col[4].u_pd/nfast_hit_latched_reg[0]}	DFRSQJIHDX4	SN	0x0
HIGH	{u_core_gen_pd_row[2].gen_pd_col[5].u_pd/nfast_hit_latched_reg[0]/SN}	{u_core_gen_pd_row[2].gen_pd_col[5].u_pd/nfast_hit_latched_reg[0]}	DFRSJIHDX2	SN	0x0
HIGH	{u_core_gen_pd_row[2].gen_pd_col[6].u_pd/nfast_hit_latched_reg[0]/SN}	{u_core_gen_pd_row[2].gen_pd_col[6].u_pd/nfast_hit_latched_reg[0]}	DFRSQJIHDX4	SN	0x0
HIGH	{u_core_gen_pd_row[2].gen_pd_col[7].u_pd/nfast_hit_latched_reg[0]/SN}	{u_core_gen_pd_row[2].gen_pd_col[7].u_pd/nfast_hit_latched_reg[0]}	DFRSJIHDX1	SN	0x0
HIGH	{u_core_gen_pd_row[3].gen_pd_col[0].u_pd/nfast_hit_latched_reg[0]/SN}	{u_core_gen_pd_row[3].gen_pd_col[0].u_pd/nfast_hit_latched_reg[0]}	DFRSJIHDX1	SN	0x0
HIGH	{u_core_gen_pd_row[3].gen_pd_col[1].u_pd/nfast_hit_latched_reg[0]/SN}	{u_core_gen_pd_row[3].gen_pd_col[1].u_pd/nfast_hit_latched_reg[0]}	DFRSJIHDX2	SN	0x0
HIGH	{u_core_gen_pd_row[3].gen_pd_col[2].u_pd/nfast_hit_latched_reg[0]/SN}	{u_core_gen_pd_row[3].gen_pd_col[2].u_pd/nfast_hit_latched_reg[0]}	DFRSQJIHDX4	SN	0x0
HIGH	{u_core_gen_pd_row[3].gen_pd_col[3].u_pd/nfast_hit_latched_reg[0]/SN}	{u_core_gen_pd_row[3].gen_pd_col[3].u_pd/nfast_hit_latched_reg[0]}	DFRSJIHDX1	SN	0x0
HIGH	{u_core_gen_pd_row[3].gen_pd_col[4].u_pd/nfast_hit_latched_reg[0]/SN}	{u_core_gen_pd_row[3].gen_pd_col[4].u_pd/nfast_hit_latched_reg[0]}	DFRSQJIHDX4	SN	0x0
HIGH	{u_core_gen_pd_row[3].gen_pd_col[5].u_pd/nfast_hit_latched_reg[0]/SN}	{u_core_gen_pd_row[3].gen_pd_col[5].u_pd/nfast_hit_latched_reg[0]}	DFRSJIHDX2	SN	0x0
HIGH	{u_core_gen_pd_row[3].gen_pd_col[6].u_pd/nfast_hit_latched_reg[0]/SN}	{u_core_gen_pd_row[3].gen_pd_col[6].u_pd/nfast_hit_latched_reg[0]}	DFRSQJIHDX1	SN	0x0
HIGH	{u_core_gen_pd_row[3].gen_pd_col[7].u_pd/nfast_hit_latched_reg[0]/SN}	{u_core_gen_pd_row[3].gen_pd_col[7].u_pd/nfast_hit_latched_reg[0]}	DFRSJIHDX1	SN	0x0
HIGH	{u_core_gen_pd_row[4].gen_pd_col[0].u_pd/nfast_hit_latched_reg[0]/SN}	{u_core_gen_pd_row[4].gen_pd_col[0].u_pd/nfast_hit_latched_reg[0]}	DFRSQJIHDX4	SN	0x0
HIGH	{u_core_gen_pd_row[4].gen_pd_col[1].u_pd/nfast_hit_latched_reg[0]/SN}	{u_core_gen_pd_row[4].gen_pd_col[1].u_pd/nfast_hit_latched_reg[0]}	DFRSQJIHDX4	SN	0x0
HIGH	{u_core_gen_pd_row[4].gen_pd_col[2].u_pd/nfast_hit_latched_reg[0]/SN}	{u_core_gen_pd_row[4].gen_pd_col[2].u_pd/nfast_hit_latched_reg[0]}	DFRSQJIHDX4	SN	0x0
HIGH	{u_core_gen_pd_row[4].gen_pd_col[3].u_pd/nfast_hit_latched_reg[0]/SN}	{u_core_gen_pd_row[4].gen_pd_col[3].u_pd/nfast_hit_latched_reg[0]}	DFRSJIHDX2	SN	0x0
HIGH	{u_core_gen_pd_row[4].gen_pd_col[4].u_pd/nfast_hit_latched_reg[0]/SN}	{u_core_gen_pd_row[4].gen_pd_col[4].u_pd/nfast_hit_latched_reg[0]}	DFRSQJIHDX4	SN	0x0
HIGH	{u_core_gen_pd_row[4].gen_pd_col[5].u_pd/nfast_hit_latched_reg[0]/SN}	{u_core_gen_pd_row[4].gen_pd_col[5].u_pd/nfast_hit_latched_reg[0]}	DFRSQJIHDX1	SN	0x0
HIGH	{u_core_gen_pd_row[4].gen_pd_col[6].u_pd/nfast_hit_latched_reg[0]/SN}	{u_core_gen_pd_row[4].gen_pd_col[6].u_pd/nfast_hit_latched_reg[0]}	DFRSJIHDX1	SN	0x0
HIGH	{u_core_gen_pd_row[4].gen_pd_col[7].u_pd/nfast_hit_latched_reg[0]/SN}	{u_core_gen_pd_row[4].gen_pd_col[7].u_pd/nfast_hit_latched_reg[0]}	DFRSJIHDX1	SN	0x0
HIGH	{u_core_gen_pd_row[5].gen_pd_col[0].u_pd/nfast_hit_latched_reg[0]/SN}	{u_core_gen_pd_row[5].gen_pd_col[0].u_pd/nfast_hit_latched_reg[0]}	DFRSQJIHDX4	SN	0x0
HIGH	{u_core_gen_pd_row[5].gen_pd_col[1].u_pd/nfast_hit_latched_reg[0]/SN}	{u_core_gen_pd_row[5].gen_pd_col[1].u_pd/nfast_hit_latched_reg[0]}	DFRSJIHDX1	SN	0x0
HIGH	{u_core_gen_pd_row[5].gen_pd_col[2].u_pd/nfast_hit_latched_reg[0]/SN}	{u_core_gen_pd_row[5].gen_pd_col[2].u_pd/nfast_hit_latched_reg[0]}	DFRSQJIHDX4	SN	0x0
HIGH	{u_core_gen_pd_row[5].gen_pd_col[3].u_pd/nfast_hit_latched_reg[0]/SN}	{u_core_gen_pd_row[5].gen_pd_col[3].u_pd/nfast_hit_latched_reg[0]}	DFRSJIHDX1	SN	0x0
HIGH	{u_core_gen_pd_row[5].gen_pd_col[4].u_pd/nfast_hit_latched_reg[0]/SN}	{u_core_gen_pd_row[5].gen_pd_col[4].u_pd/nfast_hit_latched_reg[0]}	DFRSQJIHDX2	SN	0x0
HIGH	{u_core_gen_pd_row[5].gen_pd_col[5].u_pd/nfast_hit_latched_reg[0]/SN}	{u_core_gen_pd_row[5].gen_pd_col[5].u_pd/nfast_hit_latched_reg[0]}	DFRSJIHDX1	SN	0x0
HIGH	{u_core_gen_pd_row[5].gen_pd_col[6].u_pd/nfast_hit_latched_reg[0]/SN}	{u_core_gen_pd_row[5].gen_pd_col[6].u_pd/nfast_hit_latched_reg[0]}	DFRSJIHDX2	SN	0x0
HIGH	{u_core_gen_pd_row[5].gen_pd_col[7].u_pd/nfast_hit_latched_reg[0]/SN}	{u_core_gen_pd_row[5].gen_pd_col[7].u_pd/nfast_hit_latched_reg[0]}	DFRSJIHDX1	SN	0x0
HIGH	{u_core_gen_pd_row[6].gen_pd_col[0].u_pd/nfast_hit_latched_reg[0]/SN}	{u_core_gen_pd_row[6].gen_pd_col[0].u_pd/nfast_hit_latched_reg[0]}	DFRSQJIHDX4	SN	0x0
HIGH	{u_core_gen_pd_row[6].gen_pd_col[1].u_pd/nfast_hit_latched_reg[0]/SN}	{u_core_gen_pd_row[6].gen_pd_col[1].u_pd/nfast_hit_latched_reg[0]}	DFRSJIHDX1	SN	0x0
HIGH	{u_core_gen_pd_row[6].gen_pd_col[2].u_pd/nfast_hit_latched_reg[0]/SN}	{u_core_gen_pd_row[6].gen_pd_col[2].u_pd/nfast_hit_latched_reg[0]}	DFRSQJIHDX1	SN	0x0
HIGH	{u_core_gen_pd_row[6].gen_pd_col[3].u_pd/nfast_hit_latched_reg[0]/SN}	{u_core_gen_pd_row[6].gen_pd_col[3].u_pd/nfast_hit_latched_reg[0]}	DFRSJIHDX2	SN	0x0
HIGH	{u_core_gen_pd_row[6].gen_pd_col[4].u_pd/nfast_hit_latched_reg[0]/SN}	{u_core_gen_pd_row[6].gen_pd_col[4].u_pd/nfast_hit_latched_reg[0]}	DFRSQJIHDX4	SN	0x0
HIGH	{u_core_gen_pd_row[6].gen_pd_col[5].u_pd/nfast_hit_latched_reg[0]/SN}	{u_core_gen_pd_row[6].gen_pd_col[5].u_pd/nfast_hit_latched_reg[0]}	DFRSJIHDX1	SN	0x0
HIGH	{u_core_gen_pd_row[6].gen_pd_col[6].u_pd/nfast_hit_latched_reg[0]/SN}	{u_core_gen_pd_row[6].gen_pd_col[6].u_pd/nfast_hit_latched_reg[0]}	DFRSJIHDX1	SN	0x0
HIGH	{u_core_gen_pd_row[6].gen_pd_col[7].u_pd/nfast_hit_latched_reg[0]/SN}	{u_core_gen_pd_row[6].gen_pd_col[7].u_pd/nfast_hit_latched_reg[0]}	DFRSJIHDX1	SN	0x0
HIGH	{u_core_gen_pd_row[7].gen_pd_col[0].u_pd/nfast_hit_latched_reg[0]/SN}	{u_core_gen_pd_row[7].gen_pd_col[0].u_pd/nfast_hit_latched_reg[0]}	DFRSJIHDX2	SN	0x0
HIGH	{u_core_gen_pd_row[7].gen_pd_col[1].u_pd/nfast_hit_latched_reg[0]/SN}	{u_core_gen_pd_row[7].gen_pd_col[1].u_pd/nfast_hit_latched_reg[0]}	DFRSQJIHDX4	SN	0x0
HIGH	{u_core_gen_pd_row[7].gen_pd_col[2].u_pd/nfast_hit_latched_reg[0]/SN}	{u_core_gen_pd_row[7].gen_pd_col[2].u_pd/nfast_hit_latched_reg[0]}	DFRSQJIHDX1	SN	0x0
HIGH	{u_core_gen_pd_row[7].gen_pd_col[3].u_pd/nfast_hit_latched_reg[0]/SN}	{u_core_gen_pd_row[7].gen_pd_col[3].u_pd/nfast_hit_latched_reg[0]}	DFRSJIHDX1	SN	0x0
HIGH	{u_core_gen_pd_row[7].gen_pd_col[4].u_pd/nfast_hit_latched_reg[0]/SN}	{u_core_gen_pd_row[7].gen_pd_col[4].u_pd/nfast_hit_latched_reg[0]}	DFRSJIHDX2	SN	0x0
HIGH	{u_core_gen_pd_row[7].gen_pd_col[5].u_pd/nfast_hit_latched_reg[0]/SN}	{u_core_gen_pd_row[7].gen_pd_col[5].u_pd/nfast_hit_latched_reg[0]}	DFRSJIHDX2	SN	0x0
HIGH	{u_core_gen_pd_row[7].gen_pd_col[6].u_pd/nfast_hit_latched_reg[0]/SN}	{u_core_gen_pd_row[7].gen_pd_col[6].u_pd/nfast_hit_latched_reg[0]}	DFRSJIHDX1	SN	0x0
HIGH	{u_core_gen_pd_row[7].gen_pd_col[7].u_pd/nfast_hit_latched_reg[0]/SN}	{u_core_gen_pd_row[7].gen_pd_col[7].u_pd/nfast_hit_latched_reg[0]}	DFRSQJIHDX1	SN	0x0
HIGH	{u_core_gen_rst_fast_tap[0].u_rst_fast_sync/sync_q_reg[0]/D}	{u_core_gen_rst_fast_tap[0].u_rst_fast_sync/sync_q_reg[0]}	DFRRQJIHDX1	D	0x0
HIGH	{u_core_gen_rst_fast_tap[1].u_rst_fast_sync/sync_q_reg[0]/D}	{u_core_gen_rst_fast_tap[1].u_rst_fast_sync/sync_q_reg[0]}	DFRRQJIHDX1	D	0x0
HIGH	{u_core_gen_rst_fast_tap[2].u_rst_fast_sync/sync_q_reg[0]/D}	{u_core_gen_rst_fast_tap[2].u_rst_fast_sync/sync_q_reg[0]}	DFRRQJIHDX1	D	0x0
HIGH	{u_core_gen_rst_fast_tap[3].u_rst_fast_sync/sync_q_reg[0]/D}	{u_core_gen_rst_fast_tap[3].u_rst_fast_sync/sync_q_reg[0]}	DFRRQJIHDX1	D	0x0
HIGH	{u_core_gen_rst_fast_tap[4].u_rst_fast_sync/sync_q_reg[0]/D}	{u_core_gen_rst_fast_tap[4].u_rst_fast_sync/sync_q_reg[0]}	DFRRQJIHDX1	D	0x0
HIGH	{u_core_gen_rst_fast_tap[5].u_rst_fast_sync/sync_q_reg[0]/D}	{u_core_gen_rst_fast_tap[5].u_rst_fast_sync/sync_q_reg[0]}	DFRRQJIHDX1	D	0x0
HIGH	{u_core_gen_rst_fast_tap[6].u_rst_fast_sync/sync_q_reg[0]/D}	{u_core_gen_rst_fast_tap[6].u_rst_fast_sync/sync_q_reg[0]}	DFRRQJIHDX1	D	0x0
HIGH	{u_core_gen_rst_fast_tap[7].u_rst_fast_sync/sync_q_reg[0]/D}	{u_core_gen_rst_fast_tap[7].u_rst_fast_sync/sync_q_reg[0]}	DFRRQJIHDX1	D	0x0
HIGH	{u_core_u_rst_drain_sync/sync_q_reg[0]/D}	{u_core_u_rst_drain_sync/sync_q_reg[0]}	DFRRQJIHDX1	D	0x0
HIGH	{u_core_u_rst_fifo_sync/sync_q_reg[0]/D}	{u_core_u_rst_fifo_sync/sync_q_reg[0]}	DFRRQJIHDX1	D	0x0
HIGH	{u_core_u_rst_status_sync/sync_q_reg[0]/D}	{u_core_u_rst_status_sync/sync_q_reg[0]}	DFRRQJIHDX1	D	0x0
HIGH	{u_core_u_rst_tx_sync/sync_q_reg[0]/D}	{u_core_u_rst_tx_sync/sync_q_reg[0]}	DFRRQJIHDX1	D	0x0
HIGH	{u_core_u_drain_ctrl_drain_ctx_q_reg[0]/SN}	{u_core_u_drain_ctrl_drain_ctx_q_reg[0]}	DFRSJIHDX1	SN	0x0
HIGH	{u_core_u_drain_ctrl_ns_cnt_q_reg[2]/SN}	{u_core_u_drain_ctrl_ns_cnt_q_reg[2]}	DFRSJIHDX2	SN	0x0
HIGH	{u_core_u_drain_ctrl_pd_scan_q_reg[3]/SN}	{u_core_u_drain_ctrl_pd_scan_q_reg[3]}	DFRSJIHDX1	SN	0x0
HIGH	{u_core_u_drain_ctrl_pd_scan_q_reg[4]/SN}	{u_core_u_drain_ctrl_pd_scan_q_reg[4]}	DFRSJIHDX1	SN	0x0
HIGH	{u_core_u_fifo_count_q_reg[5]/SN}	{u_core_u_fifo_count_q_reg[5]}	DFRSJIHDX1	SN	0x0
HIGH	{u_core_u_meas_ctrl_state_q_reg[0]/SN}	{u_core_u_meas_ctrl_state_q_reg[0]}	DFRSQJIHDX1	SN	0x0
HIGH	{u_core_u_drain_ctrl_event_seq_q_reg[0]/SN}	{u_core_u_drain_ctrl_event_seq_q_reg[0]}	DFRSJIHDX1	SN	0x0
HIGH	{u_core_u_drain_ctrl_event_seq_q_reg[1]/SN}	{u_core_u_drain_ctrl_event_seq_q_reg[1]}	DFRSJIHDX1	SN	0x0
HIGH	{u_core_u_drain_ctrl_event_seq_q_reg[2]/SN}	{u_core_u_drain_ctrl_event_seq_q_reg[2]}	DFRSJIHDX1	SN	0x0
HIGH	{u_core_u_drain_ctrl_event_seq_q_reg[3]/SN}	{u_core_u_drain_ctrl_event_seq_q_reg[3]}	DFRSJIHDX1	SN	0x0
HIGH	{u_core_u_drain_ctrl_pd_scan_q_reg[1]/SN}	{u_core_u_drain_ctrl_pd_scan_q_reg[1]}	DFRSQJIHDX1	SN	0x0
HIGH	{u_core_u_drain_ctrl_pd_scan_q_reg[2]/RN}	{u_core_u_drain_ctrl_pd_scan_q_reg[2]}	DFRRJIHDX1	RN	0x0
HIGH	{u_core_u_fifo_rd_ptr_q_reg[2]/SN}	{u_core_u_fifo_rd_ptr_q_reg[2]}	DFRSJIHDX1	SN	0x0
HIGH	{u_core_u_fifo_rd_ptr_q_reg[3]/SN}	{u_core_u_fifo_rd_ptr_q_reg[3]}	DFRSJIHDX1	SN	0x0
