classification,family,review_status,report,path,status,slack_ps,group,start_clock,end_clock,startpoint,endpoint
PD_INTENTIONAL_VERNIER,PD_SLOW_PHASE_SAMPLED_BY_FAST_PD,INTENTIONAL_MEASUREMENT_CROSSING,/home/validmgr/ksabra/2026_SPAD/SPADMIC/results/genus_osc_pd/20260609_o13_abs5d_pd_q1_post_synth_exception/timing_violations.rpt,1,VIOLATED,-422,clk_osc_fast_buf_tap6,clk_osc_slow_buf_tap0,clk_osc_fast_buf_tap6,(F) u_core_u_phase_buf_slow/gen_phase_buf[0].u_drv/Q,(F) u_core_gen_pd_row[0].gen_pd_col[6].u_pd/q1_reg/D
PD_INTENTIONAL_VERNIER,PD_SLOW_PHASE_SAMPLED_BY_FAST_PD,INTENTIONAL_MEASUREMENT_CROSSING,/home/validmgr/ksabra/2026_SPAD/SPADMIC/results/genus_osc_pd/20260609_o13_abs5d_pd_q1_post_synth_exception/timing_violations.rpt,2,VIOLATED,-421,clk_osc_fast_buf_tap6,clk_osc_slow_buf_tap5,clk_osc_fast_buf_tap6,(F) u_core_u_phase_buf_slow/gen_phase_buf[5].u_drv/Q,(F) u_core_gen_pd_row[5].gen_pd_col[6].u_pd/q1_reg/D
PD_INTENTIONAL_VERNIER,PD_SLOW_PHASE_SAMPLED_BY_FAST_PD,INTENTIONAL_MEASUREMENT_CROSSING,/home/validmgr/ksabra/2026_SPAD/SPADMIC/results/genus_osc_pd/20260609_o13_abs5d_pd_q1_post_synth_exception/timing_violations.rpt,3,VIOLATED,-421,clk_osc_fast_buf_tap6,clk_osc_slow_buf_tap3,clk_osc_fast_buf_tap6,(F) u_core_u_phase_buf_slow/gen_phase_buf[3].u_drv/Q,(F) u_core_gen_pd_row[3].gen_pd_col[6].u_pd/q1_reg/D
PD_INTENTIONAL_VERNIER,PD_SLOW_PHASE_SAMPLED_BY_FAST_PD,INTENTIONAL_MEASUREMENT_CROSSING,/home/validmgr/ksabra/2026_SPAD/SPADMIC/results/genus_osc_pd/20260609_o13_abs5d_pd_q1_post_synth_exception/timing_violations.rpt,4,VIOLATED,-421,clk_osc_fast_buf_tap6,clk_osc_slow_buf_tap4,clk_osc_fast_buf_tap6,(F) u_core_u_phase_buf_slow/gen_phase_buf[4].u_drv/Q,(F) u_core_gen_pd_row[4].gen_pd_col[6].u_pd/q1_reg/D
PD_INTENTIONAL_VERNIER,PD_SLOW_PHASE_SAMPLED_BY_FAST_PD,INTENTIONAL_MEASUREMENT_CROSSING,/home/validmgr/ksabra/2026_SPAD/SPADMIC/results/genus_osc_pd/20260609_o13_abs5d_pd_q1_post_synth_exception/timing_violations.rpt,5,VIOLATED,-421,clk_osc_fast_buf_tap7,clk_osc_slow_buf_tap7,clk_osc_fast_buf_tap7,(F) u_core_u_phase_buf_slow/gen_phase_buf[7].u_drv/Q,(F) u_core_gen_pd_row[7].gen_pd_col[7].u_pd/q1_reg/D
PD_INTENTIONAL_VERNIER,PD_SLOW_PHASE_SAMPLED_BY_FAST_PD,INTENTIONAL_MEASUREMENT_CROSSING,/home/validmgr/ksabra/2026_SPAD/SPADMIC/results/genus_osc_pd/20260609_o13_abs5d_pd_q1_post_synth_exception/timing_violations.rpt,6,VIOLATED,-420,clk_osc_fast_buf_tap6,clk_osc_slow_buf_tap7,clk_osc_fast_buf_tap6,(F) u_core_u_phase_buf_slow/gen_phase_buf[7].u_drv/Q,(F) u_core_gen_pd_row[7].gen_pd_col[6].u_pd/q1_reg/D
PD_INTENTIONAL_VERNIER,PD_SLOW_PHASE_SAMPLED_BY_FAST_PD,INTENTIONAL_MEASUREMENT_CROSSING,/home/validmgr/ksabra/2026_SPAD/SPADMIC/results/genus_osc_pd/20260609_o13_abs5d_pd_q1_post_synth_exception/timing_violations.rpt,7,VIOLATED,-420,clk_osc_fast_buf_tap6,clk_osc_slow_buf_tap6,clk_osc_fast_buf_tap6,(F) u_core_u_phase_buf_slow/gen_phase_buf[6].u_drv/Q,(F) u_core_gen_pd_row[6].gen_pd_col[6].u_pd/q1_reg/D
PD_INTENTIONAL_VERNIER,PD_SLOW_PHASE_SAMPLED_BY_FAST_PD,INTENTIONAL_MEASUREMENT_CROSSING,/home/validmgr/ksabra/2026_SPAD/SPADMIC/results/genus_osc_pd/20260609_o13_abs5d_pd_q1_post_synth_exception/timing_violations.rpt,8,VIOLATED,-420,clk_osc_fast_buf_tap7,clk_osc_slow_buf_tap4,clk_osc_fast_buf_tap7,(F) u_core_u_phase_buf_slow/gen_phase_buf[4].u_drv/Q,(F) u_core_gen_pd_row[4].gen_pd_col[7].u_pd/q1_reg/D
PD_INTENTIONAL_VERNIER,PD_SLOW_PHASE_SAMPLED_BY_FAST_PD,INTENTIONAL_MEASUREMENT_CROSSING,/home/validmgr/ksabra/2026_SPAD/SPADMIC/results/genus_osc_pd/20260609_o13_abs5d_pd_q1_post_synth_exception/timing_violations.rpt,9,VIOLATED,-419,clk_osc_fast_buf_tap7,clk_osc_slow_buf_tap1,clk_osc_fast_buf_tap7,(F) u_core_u_phase_buf_slow/gen_phase_buf[1].u_drv/Q,(F) u_core_gen_pd_row[1].gen_pd_col[7].u_pd/q1_reg/D
PD_INTENTIONAL_VERNIER,PD_SLOW_PHASE_SAMPLED_BY_FAST_PD,INTENTIONAL_MEASUREMENT_CROSSING,/home/validmgr/ksabra/2026_SPAD/SPADMIC/results/genus_osc_pd/20260609_o13_abs5d_pd_q1_post_synth_exception/timing_violations.rpt,10,VIOLATED,-413,clk_osc_fast_buf_tap6,clk_osc_slow_buf_tap1,clk_osc_fast_buf_tap6,(F) u_core_u_phase_buf_slow/gen_phase_buf[1].u_drv/Q,(F) u_core_gen_pd_row[1].gen_pd_col[6].u_pd/q1_reg/D
PD_INTENTIONAL_VERNIER,PD_SLOW_PHASE_SAMPLED_BY_FAST_PD,INTENTIONAL_MEASUREMENT_CROSSING,/home/validmgr/ksabra/2026_SPAD/SPADMIC/results/genus_osc_pd/20260609_o13_abs5d_pd_q1_post_synth_exception/timing_violations.rpt,11,VIOLATED,-413,clk_osc_fast_buf_tap6,clk_osc_slow_buf_tap2,clk_osc_fast_buf_tap6,(F) u_core_u_phase_buf_slow/gen_phase_buf[2].u_drv/Q,(F) u_core_gen_pd_row[2].gen_pd_col[6].u_pd/q1_reg/D
PD_INTENTIONAL_VERNIER,PD_SLOW_PHASE_SAMPLED_BY_FAST_PD,INTENTIONAL_MEASUREMENT_CROSSING,/home/validmgr/ksabra/2026_SPAD/SPADMIC/results/genus_osc_pd/20260609_o13_abs5d_pd_q1_post_synth_exception/timing_violations.rpt,12,VIOLATED,-411,clk_osc_fast_buf_tap2,clk_osc_slow_buf_tap7,clk_osc_fast_buf_tap2,(F) u_core_u_phase_buf_slow/gen_phase_buf[7].u_drv/Q,(F) u_core_gen_pd_row[7].gen_pd_col[2].u_pd/q1_reg/D
PD_INTENTIONAL_VERNIER,PD_SLOW_PHASE_SAMPLED_BY_FAST_PD,INTENTIONAL_MEASUREMENT_CROSSING,/home/validmgr/ksabra/2026_SPAD/SPADMIC/results/genus_osc_pd/20260609_o13_abs5d_pd_q1_post_synth_exception/timing_violations.rpt,13,VIOLATED,-411,clk_osc_fast_buf_tap7,clk_osc_slow_buf_tap6,clk_osc_fast_buf_tap7,(F) u_core_u_phase_buf_slow/gen_phase_buf[6].u_drv/Q,(F) u_core_gen_pd_row[6].gen_pd_col[7].u_pd/q1_reg/D
PD_INTENTIONAL_VERNIER,PD_SLOW_PHASE_SAMPLED_BY_FAST_PD,INTENTIONAL_MEASUREMENT_CROSSING,/home/validmgr/ksabra/2026_SPAD/SPADMIC/results/genus_osc_pd/20260609_o13_abs5d_pd_q1_post_synth_exception/timing_violations.rpt,14,VIOLATED,-411,clk_osc_fast_buf_tap2,clk_osc_slow_buf_tap6,clk_osc_fast_buf_tap2,(F) u_core_u_phase_buf_slow/gen_phase_buf[6].u_drv/Q,(F) u_core_gen_pd_row[6].gen_pd_col[2].u_pd/q1_reg/D
PD_INTENTIONAL_VERNIER,PD_SLOW_PHASE_SAMPLED_BY_FAST_PD,INTENTIONAL_MEASUREMENT_CROSSING,/home/validmgr/ksabra/2026_SPAD/SPADMIC/results/genus_osc_pd/20260609_o13_abs5d_pd_q1_post_synth_exception/timing_violations.rpt,15,VIOLATED,-411,clk_osc_fast_buf_tap2,clk_osc_slow_buf_tap5,clk_osc_fast_buf_tap2,(F) u_core_u_phase_buf_slow/gen_phase_buf[5].u_drv/Q,(F) u_core_gen_pd_row[5].gen_pd_col[2].u_pd/q1_reg/D
PD_INTENTIONAL_VERNIER,PD_SLOW_PHASE_SAMPLED_BY_FAST_PD,INTENTIONAL_MEASUREMENT_CROSSING,/home/validmgr/ksabra/2026_SPAD/SPADMIC/results/genus_osc_pd/20260609_o13_abs5d_pd_q1_post_synth_exception/timing_violations.rpt,16,VIOLATED,-411,clk_osc_fast_buf_tap2,clk_osc_slow_buf_tap4,clk_osc_fast_buf_tap2,(F) u_core_u_phase_buf_slow/gen_phase_buf[4].u_drv/Q,(F) u_core_gen_pd_row[4].gen_pd_col[2].u_pd/q1_reg/D
PD_INTENTIONAL_VERNIER,PD_SLOW_PHASE_SAMPLED_BY_FAST_PD,INTENTIONAL_MEASUREMENT_CROSSING,/home/validmgr/ksabra/2026_SPAD/SPADMIC/results/genus_osc_pd/20260609_o13_abs5d_pd_q1_post_synth_exception/timing_violations.rpt,17,VIOLATED,-411,clk_osc_fast_buf_tap7,clk_osc_slow_buf_tap3,clk_osc_fast_buf_tap7,(F) u_core_u_phase_buf_slow/gen_phase_buf[3].u_drv/Q,(F) u_core_gen_pd_row[3].gen_pd_col[7].u_pd/q1_reg/D
PD_INTENTIONAL_VERNIER,PD_SLOW_PHASE_SAMPLED_BY_FAST_PD,INTENTIONAL_MEASUREMENT_CROSSING,/home/validmgr/ksabra/2026_SPAD/SPADMIC/results/genus_osc_pd/20260609_o13_abs5d_pd_q1_post_synth_exception/timing_violations.rpt,18,VIOLATED,-411,clk_osc_fast_buf_tap2,clk_osc_slow_buf_tap1,clk_osc_fast_buf_tap2,(F) u_core_u_phase_buf_slow/gen_phase_buf[1].u_drv/Q,(F) u_core_gen_pd_row[1].gen_pd_col[2].u_pd/q1_reg/D
PD_INTENTIONAL_VERNIER,PD_SLOW_PHASE_SAMPLED_BY_FAST_PD,INTENTIONAL_MEASUREMENT_CROSSING,/home/validmgr/ksabra/2026_SPAD/SPADMIC/results/genus_osc_pd/20260609_o13_abs5d_pd_q1_post_synth_exception/timing_violations.rpt,19,VIOLATED,-411,clk_osc_fast_buf_tap4,clk_osc_slow_buf_tap7,clk_osc_fast_buf_tap4,(F) u_core_u_phase_buf_slow/gen_phase_buf[7].u_drv/Q,(F) u_core_gen_pd_row[7].gen_pd_col[4].u_pd/q1_reg/D
PD_INTENTIONAL_VERNIER,PD_SLOW_PHASE_SAMPLED_BY_FAST_PD,INTENTIONAL_MEASUREMENT_CROSSING,/home/validmgr/ksabra/2026_SPAD/SPADMIC/results/genus_osc_pd/20260609_o13_abs5d_pd_q1_post_synth_exception/timing_violations.rpt,20,VIOLATED,-411,clk_osc_fast_buf_tap1,clk_osc_slow_buf_tap7,clk_osc_fast_buf_tap1,(F) u_core_u_phase_buf_slow/gen_phase_buf[7].u_drv/Q,(F) u_core_gen_pd_row[7].gen_pd_col[1].u_pd/q1_reg/D
PD_INTENTIONAL_VERNIER,PD_SLOW_PHASE_SAMPLED_BY_FAST_PD,INTENTIONAL_MEASUREMENT_CROSSING,/home/validmgr/ksabra/2026_SPAD/SPADMIC/results/genus_osc_pd/20260609_o13_abs5d_pd_q1_post_synth_exception/timing_violations.rpt,21,VIOLATED,-411,clk_osc_fast_buf_tap1,clk_osc_slow_buf_tap6,clk_osc_fast_buf_tap1,(F) u_core_u_phase_buf_slow/gen_phase_buf[6].u_drv/Q,(F) u_core_gen_pd_row[6].gen_pd_col[1].u_pd/q1_reg/D
PD_INTENTIONAL_VERNIER,PD_SLOW_PHASE_SAMPLED_BY_FAST_PD,INTENTIONAL_MEASUREMENT_CROSSING,/home/validmgr/ksabra/2026_SPAD/SPADMIC/results/genus_osc_pd/20260609_o13_abs5d_pd_q1_post_synth_exception/timing_violations.rpt,22,VIOLATED,-411,clk_osc_fast_buf_tap1,clk_osc_slow_buf_tap5,clk_osc_fast_buf_tap1,(F) u_core_u_phase_buf_slow/gen_phase_buf[5].u_drv/Q,(F) u_core_gen_pd_row[5].gen_pd_col[1].u_pd/q1_reg/D
PD_INTENTIONAL_VERNIER,PD_SLOW_PHASE_SAMPLED_BY_FAST_PD,INTENTIONAL_MEASUREMENT_CROSSING,/home/validmgr/ksabra/2026_SPAD/SPADMIC/results/genus_osc_pd/20260609_o13_abs5d_pd_q1_post_synth_exception/timing_violations.rpt,23,VIOLATED,-411,clk_osc_fast_buf_tap0,clk_osc_slow_buf_tap2,clk_osc_fast_buf_tap0,(F) u_core_u_phase_buf_slow/gen_phase_buf[2].u_drv/Q,(F) u_core_gen_pd_row[2].gen_pd_col[0].u_pd/q1_reg/D
PD_INTENTIONAL_VERNIER,PD_SLOW_PHASE_SAMPLED_BY_FAST_PD,INTENTIONAL_MEASUREMENT_CROSSING,/home/validmgr/ksabra/2026_SPAD/SPADMIC/results/genus_osc_pd/20260609_o13_abs5d_pd_q1_post_synth_exception/timing_violations.rpt,24,VIOLATED,-411,clk_osc_fast_buf_tap0,clk_osc_slow_buf_tap1,clk_osc_fast_buf_tap0,(F) u_core_u_phase_buf_slow/gen_phase_buf[1].u_drv/Q,(F) u_core_gen_pd_row[1].gen_pd_col[0].u_pd/q1_reg/D
PD_INTENTIONAL_VERNIER,PD_SLOW_PHASE_SAMPLED_BY_FAST_PD,INTENTIONAL_MEASUREMENT_CROSSING,/home/validmgr/ksabra/2026_SPAD/SPADMIC/results/genus_osc_pd/20260609_o13_abs5d_pd_q1_post_synth_exception/timing_violations.rpt,25,VIOLATED,-410,clk_osc_fast_buf_tap0,clk_osc_slow_buf_tap7,clk_osc_fast_buf_tap0,(F) u_core_u_phase_buf_slow/gen_phase_buf[7].u_drv/Q,(F) u_core_gen_pd_row[7].gen_pd_col[0].u_pd/q1_reg/D
PD_INTENTIONAL_VERNIER,PD_SLOW_PHASE_SAMPLED_BY_FAST_PD,INTENTIONAL_MEASUREMENT_CROSSING,/home/validmgr/ksabra/2026_SPAD/SPADMIC/results/genus_osc_pd/20260609_o13_abs5d_pd_q1_post_synth_exception/timing_violations.rpt,26,VIOLATED,-410,clk_osc_fast_buf_tap4,clk_osc_slow_buf_tap6,clk_osc_fast_buf_tap4,(F) u_core_u_phase_buf_slow/gen_phase_buf[6].u_drv/Q,(F) u_core_gen_pd_row[6].gen_pd_col[4].u_pd/q1_reg/D
PD_INTENTIONAL_VERNIER,PD_SLOW_PHASE_SAMPLED_BY_FAST_PD,INTENTIONAL_MEASUREMENT_CROSSING,/home/validmgr/ksabra/2026_SPAD/SPADMIC/results/genus_osc_pd/20260609_o13_abs5d_pd_q1_post_synth_exception/timing_violations.rpt,27,VIOLATED,-410,clk_osc_fast_buf_tap0,clk_osc_slow_buf_tap6,clk_osc_fast_buf_tap0,(F) u_core_u_phase_buf_slow/gen_phase_buf[6].u_drv/Q,(F) u_core_gen_pd_row[6].gen_pd_col[0].u_pd/q1_reg/D
PD_INTENTIONAL_VERNIER,PD_SLOW_PHASE_SAMPLED_BY_FAST_PD,INTENTIONAL_MEASUREMENT_CROSSING,/home/validmgr/ksabra/2026_SPAD/SPADMIC/results/genus_osc_pd/20260609_o13_abs5d_pd_q1_post_synth_exception/timing_violations.rpt,28,VIOLATED,-410,clk_osc_fast_buf_tap4,clk_osc_slow_buf_tap5,clk_osc_fast_buf_tap4,(F) u_core_u_phase_buf_slow/gen_phase_buf[5].u_drv/Q,(F) u_core_gen_pd_row[5].gen_pd_col[4].u_pd/q1_reg/D
PD_INTENTIONAL_VERNIER,PD_SLOW_PHASE_SAMPLED_BY_FAST_PD,INTENTIONAL_MEASUREMENT_CROSSING,/home/validmgr/ksabra/2026_SPAD/SPADMIC/results/genus_osc_pd/20260609_o13_abs5d_pd_q1_post_synth_exception/timing_violations.rpt,29,VIOLATED,-410,clk_osc_fast_buf_tap4,clk_osc_slow_buf_tap4,clk_osc_fast_buf_tap4,(F) u_core_u_phase_buf_slow/gen_phase_buf[4].u_drv/Q,(F) u_core_gen_pd_row[4].gen_pd_col[4].u_pd/q1_reg/D
PD_INTENTIONAL_VERNIER,PD_SLOW_PHASE_SAMPLED_BY_FAST_PD,INTENTIONAL_MEASUREMENT_CROSSING,/home/validmgr/ksabra/2026_SPAD/SPADMIC/results/genus_osc_pd/20260609_o13_abs5d_pd_q1_post_synth_exception/timing_violations.rpt,30,VIOLATED,-410,clk_osc_fast_buf_tap4,clk_osc_slow_buf_tap3,clk_osc_fast_buf_tap4,(F) u_core_u_phase_buf_slow/gen_phase_buf[3].u_drv/Q,(F) u_core_gen_pd_row[3].gen_pd_col[4].u_pd/q1_reg/D
PD_INTENTIONAL_VERNIER,PD_SLOW_PHASE_SAMPLED_BY_FAST_PD,INTENTIONAL_MEASUREMENT_CROSSING,/home/validmgr/ksabra/2026_SPAD/SPADMIC/results/genus_osc_pd/20260609_o13_abs5d_pd_q1_post_synth_exception/timing_violations.rpt,31,VIOLATED,-410,clk_osc_fast_buf_tap4,clk_osc_slow_buf_tap2,clk_osc_fast_buf_tap4,(F) u_core_u_phase_buf_slow/gen_phase_buf[2].u_drv/Q,(F) u_core_gen_pd_row[2].gen_pd_col[4].u_pd/q1_reg/D
PD_INTENTIONAL_VERNIER,PD_SLOW_PHASE_SAMPLED_BY_FAST_PD,INTENTIONAL_MEASUREMENT_CROSSING,/home/validmgr/ksabra/2026_SPAD/SPADMIC/results/genus_osc_pd/20260609_o13_abs5d_pd_q1_post_synth_exception/timing_violations.rpt,32,VIOLATED,-410,clk_osc_fast_buf_tap1,clk_osc_slow_buf_tap1,clk_osc_fast_buf_tap1,(F) u_core_u_phase_buf_slow/gen_phase_buf[1].u_drv/Q,(F) u_core_gen_pd_row[1].gen_pd_col[1].u_pd/q1_reg/D
PD_INTENTIONAL_VERNIER,PD_SLOW_PHASE_SAMPLED_BY_FAST_PD,INTENTIONAL_MEASUREMENT_CROSSING,/home/validmgr/ksabra/2026_SPAD/SPADMIC/results/genus_osc_pd/20260609_o13_abs5d_pd_q1_post_synth_exception/timing_violations.rpt,33,VIOLATED,-410,clk_osc_fast_buf_tap7,clk_osc_slow_buf_tap0,clk_osc_fast_buf_tap7,(F) u_core_u_phase_buf_slow/gen_phase_buf[0].u_drv/Q,(F) u_core_gen_pd_row[0].gen_pd_col[7].u_pd/q1_reg/D
PD_INTENTIONAL_VERNIER,PD_SLOW_PHASE_SAMPLED_BY_FAST_PD,INTENTIONAL_MEASUREMENT_CROSSING,/home/validmgr/ksabra/2026_SPAD/SPADMIC/results/genus_osc_pd/20260609_o13_abs5d_pd_q1_post_synth_exception/timing_violations.rpt,34,VIOLATED,-410,clk_osc_fast_buf_tap7,clk_osc_slow_buf_tap5,clk_osc_fast_buf_tap7,(F) u_core_u_phase_buf_slow/gen_phase_buf[5].u_drv/Q,(F) u_core_gen_pd_row[5].gen_pd_col[7].u_pd/q1_reg/D
PD_INTENTIONAL_VERNIER,PD_SLOW_PHASE_SAMPLED_BY_FAST_PD,INTENTIONAL_MEASUREMENT_CROSSING,/home/validmgr/ksabra/2026_SPAD/SPADMIC/results/genus_osc_pd/20260609_o13_abs5d_pd_q1_post_synth_exception/timing_violations.rpt,35,VIOLATED,-410,clk_osc_fast_buf_tap0,clk_osc_slow_buf_tap5,clk_osc_fast_buf_tap0,(F) u_core_u_phase_buf_slow/gen_phase_buf[5].u_drv/Q,(F) u_core_gen_pd_row[5].gen_pd_col[0].u_pd/q1_reg/D
PD_INTENTIONAL_VERNIER,PD_SLOW_PHASE_SAMPLED_BY_FAST_PD,INTENTIONAL_MEASUREMENT_CROSSING,/home/validmgr/ksabra/2026_SPAD/SPADMIC/results/genus_osc_pd/20260609_o13_abs5d_pd_q1_post_synth_exception/timing_violations.rpt,36,VIOLATED,-410,clk_osc_fast_buf_tap0,clk_osc_slow_buf_tap3,clk_osc_fast_buf_tap0,(F) u_core_u_phase_buf_slow/gen_phase_buf[3].u_drv/Q,(F) u_core_gen_pd_row[3].gen_pd_col[0].u_pd/q1_reg/D
PD_INTENTIONAL_VERNIER,PD_SLOW_PHASE_SAMPLED_BY_FAST_PD,INTENTIONAL_MEASUREMENT_CROSSING,/home/validmgr/ksabra/2026_SPAD/SPADMIC/results/genus_osc_pd/20260609_o13_abs5d_pd_q1_post_synth_exception/timing_violations.rpt,37,VIOLATED,-410,clk_osc_fast_buf_tap7,clk_osc_slow_buf_tap2,clk_osc_fast_buf_tap7,(F) u_core_u_phase_buf_slow/gen_phase_buf[2].u_drv/Q,(F) u_core_gen_pd_row[2].gen_pd_col[7].u_pd/q1_reg/D
PD_INTENTIONAL_VERNIER,PD_SLOW_PHASE_SAMPLED_BY_FAST_PD,INTENTIONAL_MEASUREMENT_CROSSING,/home/validmgr/ksabra/2026_SPAD/SPADMIC/results/genus_osc_pd/20260609_o13_abs5d_pd_q1_post_synth_exception/timing_violations.rpt,38,VIOLATED,-409,clk_osc_fast_buf_tap0,clk_osc_slow_buf_tap4,clk_osc_fast_buf_tap0,(F) u_core_u_phase_buf_slow/gen_phase_buf[4].u_drv/Q,(F) u_core_gen_pd_row[4].gen_pd_col[0].u_pd/q1_reg/D
PD_INTENTIONAL_VERNIER,PD_SLOW_PHASE_SAMPLED_BY_FAST_PD,INTENTIONAL_MEASUREMENT_CROSSING,/home/validmgr/ksabra/2026_SPAD/SPADMIC/results/genus_osc_pd/20260609_o13_abs5d_pd_q1_post_synth_exception/timing_violations.rpt,39,VIOLATED,-409,clk_osc_fast_buf_tap1,clk_osc_slow_buf_tap3,clk_osc_fast_buf_tap1,(F) u_core_u_phase_buf_slow/gen_phase_buf[3].u_drv/Q,(F) u_core_gen_pd_row[3].gen_pd_col[1].u_pd/q1_reg/D
PD_INTENTIONAL_VERNIER,PD_SLOW_PHASE_SAMPLED_BY_FAST_PD,INTENTIONAL_MEASUREMENT_CROSSING,/home/validmgr/ksabra/2026_SPAD/SPADMIC/results/genus_osc_pd/20260609_o13_abs5d_pd_q1_post_synth_exception/timing_violations.rpt,40,VIOLATED,-409,clk_osc_fast_buf_tap1,clk_osc_slow_buf_tap2,clk_osc_fast_buf_tap1,(F) u_core_u_phase_buf_slow/gen_phase_buf[2].u_drv/Q,(F) u_core_gen_pd_row[2].gen_pd_col[1].u_pd/q1_reg/D
PD_INTENTIONAL_VERNIER,PD_SLOW_PHASE_SAMPLED_BY_FAST_PD,INTENTIONAL_MEASUREMENT_CROSSING,/home/validmgr/ksabra/2026_SPAD/SPADMIC/results/genus_osc_pd/20260609_o13_abs5d_pd_q1_post_synth_exception/timing_violations.rpt,41,VIOLATED,-409,clk_osc_fast_buf_tap5,clk_osc_slow_buf_tap7,clk_osc_fast_buf_tap5,(F) u_core_u_phase_buf_slow/gen_phase_buf[7].u_drv/Q,(F) u_core_gen_pd_row[7].gen_pd_col[5].u_pd/q1_reg/D
PD_INTENTIONAL_VERNIER,PD_SLOW_PHASE_SAMPLED_BY_FAST_PD,INTENTIONAL_MEASUREMENT_CROSSING,/home/validmgr/ksabra/2026_SPAD/SPADMIC/results/genus_osc_pd/20260609_o13_abs5d_pd_q1_post_synth_exception/timing_violations.rpt,42,VIOLATED,-409,clk_osc_fast_buf_tap5,clk_osc_slow_buf_tap5,clk_osc_fast_buf_tap5,(F) u_core_u_phase_buf_slow/gen_phase_buf[5].u_drv/Q,(F) u_core_gen_pd_row[5].gen_pd_col[5].u_pd/q1_reg/D
PD_INTENTIONAL_VERNIER,PD_SLOW_PHASE_SAMPLED_BY_FAST_PD,INTENTIONAL_MEASUREMENT_CROSSING,/home/validmgr/ksabra/2026_SPAD/SPADMIC/results/genus_osc_pd/20260609_o13_abs5d_pd_q1_post_synth_exception/timing_violations.rpt,43,VIOLATED,-409,clk_osc_fast_buf_tap5,clk_osc_slow_buf_tap6,clk_osc_fast_buf_tap5,(F) u_core_u_phase_buf_slow/gen_phase_buf[6].u_drv/Q,(F) u_core_gen_pd_row[6].gen_pd_col[5].u_pd/q1_reg/D
PD_INTENTIONAL_VERNIER,PD_SLOW_PHASE_SAMPLED_BY_FAST_PD,INTENTIONAL_MEASUREMENT_CROSSING,/home/validmgr/ksabra/2026_SPAD/SPADMIC/results/genus_osc_pd/20260609_o13_abs5d_pd_q1_post_synth_exception/timing_violations.rpt,44,VIOLATED,-409,clk_osc_fast_buf_tap5,clk_osc_slow_buf_tap4,clk_osc_fast_buf_tap5,(F) u_core_u_phase_buf_slow/gen_phase_buf[4].u_drv/Q,(F) u_core_gen_pd_row[4].gen_pd_col[5].u_pd/q1_reg/D
PD_INTENTIONAL_VERNIER,PD_SLOW_PHASE_SAMPLED_BY_FAST_PD,INTENTIONAL_MEASUREMENT_CROSSING,/home/validmgr/ksabra/2026_SPAD/SPADMIC/results/genus_osc_pd/20260609_o13_abs5d_pd_q1_post_synth_exception/timing_violations.rpt,45,VIOLATED,-409,clk_osc_fast_buf_tap5,clk_osc_slow_buf_tap0,clk_osc_fast_buf_tap5,(F) u_core_u_phase_buf_slow/gen_phase_buf[0].u_drv/Q,(F) u_core_gen_pd_row[0].gen_pd_col[5].u_pd/q1_reg/D
PD_INTENTIONAL_VERNIER,PD_SLOW_PHASE_SAMPLED_BY_FAST_PD,INTENTIONAL_MEASUREMENT_CROSSING,/home/validmgr/ksabra/2026_SPAD/SPADMIC/results/genus_osc_pd/20260609_o13_abs5d_pd_q1_post_synth_exception/timing_violations.rpt,46,VIOLATED,-409,clk_osc_fast_buf_tap4,clk_osc_slow_buf_tap0,clk_osc_fast_buf_tap4,(F) u_core_u_phase_buf_slow/gen_phase_buf[0].u_drv/Q,(F) u_core_gen_pd_row[0].gen_pd_col[4].u_pd/q1_reg/D
PD_INTENTIONAL_VERNIER,PD_SLOW_PHASE_SAMPLED_BY_FAST_PD,INTENTIONAL_MEASUREMENT_CROSSING,/home/validmgr/ksabra/2026_SPAD/SPADMIC/results/genus_osc_pd/20260609_o13_abs5d_pd_q1_post_synth_exception/timing_violations.rpt,47,VIOLATED,-409,clk_osc_fast_buf_tap3,clk_osc_slow_buf_tap0,clk_osc_fast_buf_tap3,(F) u_core_u_phase_buf_slow/gen_phase_buf[0].u_drv/Q,(F) u_core_gen_pd_row[0].gen_pd_col[3].u_pd/q1_reg/D
PD_INTENTIONAL_VERNIER,PD_SLOW_PHASE_SAMPLED_BY_FAST_PD,INTENTIONAL_MEASUREMENT_CROSSING,/home/validmgr/ksabra/2026_SPAD/SPADMIC/results/genus_osc_pd/20260609_o13_abs5d_pd_q1_post_synth_exception/timing_violations.rpt,48,VIOLATED,-409,clk_osc_fast_buf_tap2,clk_osc_slow_buf_tap0,clk_osc_fast_buf_tap2,(F) u_core_u_phase_buf_slow/gen_phase_buf[0].u_drv/Q,(F) u_core_gen_pd_row[0].gen_pd_col[2].u_pd/q1_reg/D
PD_INTENTIONAL_VERNIER,PD_SLOW_PHASE_SAMPLED_BY_FAST_PD,INTENTIONAL_MEASUREMENT_CROSSING,/home/validmgr/ksabra/2026_SPAD/SPADMIC/results/genus_osc_pd/20260609_o13_abs5d_pd_q1_post_synth_exception/timing_violations.rpt,49,VIOLATED,-409,clk_osc_fast_buf_tap1,clk_osc_slow_buf_tap0,clk_osc_fast_buf_tap1,(F) u_core_u_phase_buf_slow/gen_phase_buf[0].u_drv/Q,(F) u_core_gen_pd_row[0].gen_pd_col[1].u_pd/q1_reg/D
PD_INTENTIONAL_VERNIER,PD_SLOW_PHASE_SAMPLED_BY_FAST_PD,INTENTIONAL_MEASUREMENT_CROSSING,/home/validmgr/ksabra/2026_SPAD/SPADMIC/results/genus_osc_pd/20260609_o13_abs5d_pd_q1_post_synth_exception/timing_violations.rpt,50,VIOLATED,-409,clk_osc_fast_buf_tap0,clk_osc_slow_buf_tap0,clk_osc_fast_buf_tap0,(F) u_core_u_phase_buf_slow/gen_phase_buf[0].u_drv/Q,(F) u_core_gen_pd_row[0].gen_pd_col[0].u_pd/q1_reg/D
PD_INTENTIONAL_VERNIER,PD_SLOW_PHASE_SAMPLED_BY_FAST_PD,INTENTIONAL_MEASUREMENT_CROSSING,/home/validmgr/ksabra/2026_SPAD/SPADMIC/results/genus_osc_pd/20260609_o13_abs5d_pd_q1_post_synth_exception/timing_violations.rpt,51,VIOLATED,-408,clk_osc_fast_buf_tap2,clk_osc_slow_buf_tap2,clk_osc_fast_buf_tap2,(F) u_core_u_phase_buf_slow/gen_phase_buf[2].u_drv/Q,(F) u_core_gen_pd_row[2].gen_pd_col[2].u_pd/q1_reg/D
PD_INTENTIONAL_VERNIER,PD_SLOW_PHASE_SAMPLED_BY_FAST_PD,INTENTIONAL_MEASUREMENT_CROSSING,/home/validmgr/ksabra/2026_SPAD/SPADMIC/results/genus_osc_pd/20260609_o13_abs5d_pd_q1_post_synth_exception/timing_violations.rpt,52,VIOLATED,-408,clk_osc_fast_buf_tap3,clk_osc_slow_buf_tap7,clk_osc_fast_buf_tap3,(F) u_core_u_phase_buf_slow/gen_phase_buf[7].u_drv/Q,(F) u_core_gen_pd_row[7].gen_pd_col[3].u_pd/q1_reg/D
PD_INTENTIONAL_VERNIER,PD_SLOW_PHASE_SAMPLED_BY_FAST_PD,INTENTIONAL_MEASUREMENT_CROSSING,/home/validmgr/ksabra/2026_SPAD/SPADMIC/results/genus_osc_pd/20260609_o13_abs5d_pd_q1_post_synth_exception/timing_violations.rpt,53,VIOLATED,-408,clk_osc_fast_buf_tap3,clk_osc_slow_buf_tap6,clk_osc_fast_buf_tap3,(F) u_core_u_phase_buf_slow/gen_phase_buf[6].u_drv/Q,(F) u_core_gen_pd_row[6].gen_pd_col[3].u_pd/q1_reg/D
PD_INTENTIONAL_VERNIER,PD_SLOW_PHASE_SAMPLED_BY_FAST_PD,INTENTIONAL_MEASUREMENT_CROSSING,/home/validmgr/ksabra/2026_SPAD/SPADMIC/results/genus_osc_pd/20260609_o13_abs5d_pd_q1_post_synth_exception/timing_violations.rpt,54,VIOLATED,-398,clk_osc_fast_buf_tap5,clk_osc_slow_buf_tap3,clk_osc_fast_buf_tap5,(F) u_core_u_phase_buf_slow/gen_phase_buf[3].u_drv/Q,(F) u_core_gen_pd_row[3].gen_pd_col[5].u_pd/q1_reg/D
PD_INTENTIONAL_VERNIER,PD_SLOW_PHASE_SAMPLED_BY_FAST_PD,INTENTIONAL_MEASUREMENT_CROSSING,/home/validmgr/ksabra/2026_SPAD/SPADMIC/results/genus_osc_pd/20260609_o13_abs5d_pd_q1_post_synth_exception/timing_violations.rpt,55,VIOLATED,-398,clk_osc_fast_buf_tap3,clk_osc_slow_buf_tap3,clk_osc_fast_buf_tap3,(F) u_core_u_phase_buf_slow/gen_phase_buf[3].u_drv/Q,(F) u_core_gen_pd_row[3].gen_pd_col[3].u_pd/q1_reg/D
PD_INTENTIONAL_VERNIER,PD_SLOW_PHASE_SAMPLED_BY_FAST_PD,INTENTIONAL_MEASUREMENT_CROSSING,/home/validmgr/ksabra/2026_SPAD/SPADMIC/results/genus_osc_pd/20260609_o13_abs5d_pd_q1_post_synth_exception/timing_violations.rpt,56,VIOLATED,-398,clk_osc_fast_buf_tap5,clk_osc_slow_buf_tap1,clk_osc_fast_buf_tap5,(F) u_core_u_phase_buf_slow/gen_phase_buf[1].u_drv/Q,(F) u_core_gen_pd_row[1].gen_pd_col[5].u_pd/q1_reg/D
PD_INTENTIONAL_VERNIER,PD_SLOW_PHASE_SAMPLED_BY_FAST_PD,INTENTIONAL_MEASUREMENT_CROSSING,/home/validmgr/ksabra/2026_SPAD/SPADMIC/results/genus_osc_pd/20260609_o13_abs5d_pd_q1_post_synth_exception/timing_violations.rpt,57,VIOLATED,-398,clk_osc_fast_buf_tap4,clk_osc_slow_buf_tap1,clk_osc_fast_buf_tap4,(F) u_core_u_phase_buf_slow/gen_phase_buf[1].u_drv/Q,(F) u_core_gen_pd_row[1].gen_pd_col[4].u_pd/q1_reg/D
PD_INTENTIONAL_VERNIER,PD_SLOW_PHASE_SAMPLED_BY_FAST_PD,INTENTIONAL_MEASUREMENT_CROSSING,/home/validmgr/ksabra/2026_SPAD/SPADMIC/results/genus_osc_pd/20260609_o13_abs5d_pd_q1_post_synth_exception/timing_violations.rpt,58,VIOLATED,-398,clk_osc_fast_buf_tap3,clk_osc_slow_buf_tap5,clk_osc_fast_buf_tap3,(F) u_core_u_phase_buf_slow/gen_phase_buf[5].u_drv/Q,(F) u_core_gen_pd_row[5].gen_pd_col[3].u_pd/q1_reg/D
PD_INTENTIONAL_VERNIER,PD_SLOW_PHASE_SAMPLED_BY_FAST_PD,INTENTIONAL_MEASUREMENT_CROSSING,/home/validmgr/ksabra/2026_SPAD/SPADMIC/results/genus_osc_pd/20260609_o13_abs5d_pd_q1_post_synth_exception/timing_violations.rpt,59,VIOLATED,-398,clk_osc_fast_buf_tap5,clk_osc_slow_buf_tap2,clk_osc_fast_buf_tap5,(F) u_core_u_phase_buf_slow/gen_phase_buf[2].u_drv/Q,(F) u_core_gen_pd_row[2].gen_pd_col[5].u_pd/q1_reg/D
PD_INTENTIONAL_VERNIER,PD_SLOW_PHASE_SAMPLED_BY_FAST_PD,INTENTIONAL_MEASUREMENT_CROSSING,/home/validmgr/ksabra/2026_SPAD/SPADMIC/results/genus_osc_pd/20260609_o13_abs5d_pd_q1_post_synth_exception/timing_violations.rpt,60,VIOLATED,-398,clk_osc_fast_buf_tap3,clk_osc_slow_buf_tap4,clk_osc_fast_buf_tap3,(F) u_core_u_phase_buf_slow/gen_phase_buf[4].u_drv/Q,(F) u_core_gen_pd_row[4].gen_pd_col[3].u_pd/q1_reg/D
PD_INTENTIONAL_VERNIER,PD_SLOW_PHASE_SAMPLED_BY_FAST_PD,INTENTIONAL_MEASUREMENT_CROSSING,/home/validmgr/ksabra/2026_SPAD/SPADMIC/results/genus_osc_pd/20260609_o13_abs5d_pd_q1_post_synth_exception/timing_violations.rpt,61,VIOLATED,-398,clk_osc_fast_buf_tap2,clk_osc_slow_buf_tap3,clk_osc_fast_buf_tap2,(F) u_core_u_phase_buf_slow/gen_phase_buf[3].u_drv/Q,(F) u_core_gen_pd_row[3].gen_pd_col[2].u_pd/q1_reg/D
PD_INTENTIONAL_VERNIER,PD_SLOW_PHASE_SAMPLED_BY_FAST_PD,INTENTIONAL_MEASUREMENT_CROSSING,/home/validmgr/ksabra/2026_SPAD/SPADMIC/results/genus_osc_pd/20260609_o13_abs5d_pd_q1_post_synth_exception/timing_violations.rpt,62,VIOLATED,-398,clk_osc_fast_buf_tap3,clk_osc_slow_buf_tap2,clk_osc_fast_buf_tap3,(F) u_core_u_phase_buf_slow/gen_phase_buf[2].u_drv/Q,(F) u_core_gen_pd_row[2].gen_pd_col[3].u_pd/q1_reg/D
PD_INTENTIONAL_VERNIER,PD_SLOW_PHASE_SAMPLED_BY_FAST_PD,INTENTIONAL_MEASUREMENT_CROSSING,/home/validmgr/ksabra/2026_SPAD/SPADMIC/results/genus_osc_pd/20260609_o13_abs5d_pd_q1_post_synth_exception/timing_violations.rpt,63,VIOLATED,-396,clk_osc_fast_buf_tap1,clk_osc_slow_buf_tap4,clk_osc_fast_buf_tap1,(F) u_core_u_phase_buf_slow/gen_phase_buf[4].u_drv/Q,(F) u_core_gen_pd_row[4].gen_pd_col[1].u_pd/q1_reg/D
PD_INTENTIONAL_VERNIER,PD_SLOW_PHASE_SAMPLED_BY_FAST_PD,INTENTIONAL_MEASUREMENT_CROSSING,/home/validmgr/ksabra/2026_SPAD/SPADMIC/results/genus_osc_pd/20260609_o13_abs5d_pd_q1_post_synth_exception/timing_violations.rpt,64,VIOLATED,-396,clk_osc_fast_buf_tap3,clk_osc_slow_buf_tap1,clk_osc_fast_buf_tap3,(F) u_core_u_phase_buf_slow/gen_phase_buf[1].u_drv/Q,(F) u_core_gen_pd_row[1].gen_pd_col[3].u_pd/q1_reg/D
OSC_FAST_REAL,PD_Q1_TO_Q2_LOCAL_FAST,REAL_TIMING,/home/validmgr/ksabra/2026_SPAD/SPADMIC/results/genus_osc_pd/20260609_o13_abs5d_pd_q1_post_synth_exception/timing_violations.rpt,65,VIOLATED,-320,clk_osc_fast_buf_tap7,clk_osc_fast_buf_tap7,clk_osc_fast_buf_tap7,(R) u_core_gen_pd_row[0].gen_pd_col[7].u_pd/q1_reg/C,(F) u_core_gen_pd_row[0].gen_pd_col[7].u_pd/q2_reg/D
OSC_FAST_REAL,PD_Q1_TO_Q2_LOCAL_FAST,REAL_TIMING,/home/validmgr/ksabra/2026_SPAD/SPADMIC/results/genus_osc_pd/20260609_o13_abs5d_pd_q1_post_synth_exception/timing_violations.rpt,66,VIOLATED,-283,clk_osc_fast_buf_tap3,clk_osc_fast_buf_tap3,clk_osc_fast_buf_tap3,(R) u_core_gen_pd_row[6].gen_pd_col[3].u_pd/q1_reg/C,(F) u_core_gen_pd_row[6].gen_pd_col[3].u_pd/q2_reg/D
OSC_FAST_REAL,PD_Q1_TO_Q2_LOCAL_FAST,REAL_TIMING,/home/validmgr/ksabra/2026_SPAD/SPADMIC/results/genus_osc_pd/20260609_o13_abs5d_pd_q1_post_synth_exception/timing_violations.rpt,67,VIOLATED,-258,clk_osc_fast_buf_tap3,clk_osc_fast_buf_tap3,clk_osc_fast_buf_tap3,(R) u_core_gen_pd_row[1].gen_pd_col[3].u_pd/q1_reg/C,(F) u_core_gen_pd_row[1].gen_pd_col[3].u_pd/q2_reg/D
OSC_FAST_REAL,PD_Q1_TO_Q2_LOCAL_FAST,REAL_TIMING,/home/validmgr/ksabra/2026_SPAD/SPADMIC/results/genus_osc_pd/20260609_o13_abs5d_pd_q1_post_synth_exception/timing_violations.rpt,68,VIOLATED,-256,clk_osc_fast_buf_tap0,clk_osc_fast_buf_tap0,clk_osc_fast_buf_tap0,(R) u_core_gen_pd_row[2].gen_pd_col[0].u_pd/q1_reg/C,(F) u_core_gen_pd_row[2].gen_pd_col[0].u_pd/q2_reg/D
OSC_FAST_REAL,PD_Q1_TO_Q2_LOCAL_FAST,REAL_TIMING,/home/validmgr/ksabra/2026_SPAD/SPADMIC/results/genus_osc_pd/20260609_o13_abs5d_pd_q1_post_synth_exception/timing_violations.rpt,69,VIOLATED,-254,clk_osc_fast_buf_tap5,clk_osc_fast_buf_tap5,clk_osc_fast_buf_tap5,(R) u_core_gen_pd_row[7].gen_pd_col[5].u_pd/q1_reg/C,(F) u_core_gen_pd_row[7].gen_pd_col[5].u_pd/q2_reg/D
OSC_FAST_REAL,PD_Q1_TO_Q2_LOCAL_FAST,REAL_TIMING,/home/validmgr/ksabra/2026_SPAD/SPADMIC/results/genus_osc_pd/20260609_o13_abs5d_pd_q1_post_synth_exception/timing_violations.rpt,70,VIOLATED,-254,clk_osc_fast_buf_tap5,clk_osc_fast_buf_tap5,clk_osc_fast_buf_tap5,(R) u_core_gen_pd_row[6].gen_pd_col[5].u_pd/q1_reg/C,(F) u_core_gen_pd_row[6].gen_pd_col[5].u_pd/q2_reg/D
OSC_FAST_REAL,PD_Q1_TO_Q2_LOCAL_FAST,REAL_TIMING,/home/validmgr/ksabra/2026_SPAD/SPADMIC/results/genus_osc_pd/20260609_o13_abs5d_pd_q1_post_synth_exception/timing_violations.rpt,71,VIOLATED,-254,clk_osc_fast_buf_tap5,clk_osc_fast_buf_tap5,clk_osc_fast_buf_tap5,(R) u_core_gen_pd_row[5].gen_pd_col[5].u_pd/q1_reg/C,(F) u_core_gen_pd_row[5].gen_pd_col[5].u_pd/q2_reg/D
OSC_FAST_REAL,PD_Q1_TO_Q2_LOCAL_FAST,REAL_TIMING,/home/validmgr/ksabra/2026_SPAD/SPADMIC/results/genus_osc_pd/20260609_o13_abs5d_pd_q1_post_synth_exception/timing_violations.rpt,72,VIOLATED,-254,clk_osc_fast_buf_tap0,clk_osc_fast_buf_tap0,clk_osc_fast_buf_tap0,(R) u_core_gen_pd_row[5].gen_pd_col[0].u_pd/q1_reg/C,(F) u_core_gen_pd_row[5].gen_pd_col[0].u_pd/q2_reg/D
OSC_FAST_REAL,PD_Q1_TO_Q2_LOCAL_FAST,REAL_TIMING,/home/validmgr/ksabra/2026_SPAD/SPADMIC/results/genus_osc_pd/20260609_o13_abs5d_pd_q1_post_synth_exception/timing_violations.rpt,73,VIOLATED,-254,clk_osc_fast_buf_tap5,clk_osc_fast_buf_tap5,clk_osc_fast_buf_tap5,(R) u_core_gen_pd_row[4].gen_pd_col[5].u_pd/q1_reg/C,(F) u_core_gen_pd_row[4].gen_pd_col[5].u_pd/q2_reg/D
OSC_FAST_REAL,PD_Q1_TO_Q2_LOCAL_FAST,REAL_TIMING,/home/validmgr/ksabra/2026_SPAD/SPADMIC/results/genus_osc_pd/20260609_o13_abs5d_pd_q1_post_synth_exception/timing_violations.rpt,74,VIOLATED,-242,clk_osc_fast_buf_tap4,clk_osc_fast_buf_tap4,clk_osc_fast_buf_tap4,(R) u_core_gen_pd_row[7].gen_pd_col[4].u_pd/q1_reg/C,(F) u_core_gen_pd_row[7].gen_pd_col[4].u_pd/q2_reg/D
OSC_FAST_REAL,PD_Q1_TO_Q2_LOCAL_FAST,REAL_TIMING,/home/validmgr/ksabra/2026_SPAD/SPADMIC/results/genus_osc_pd/20260609_o13_abs5d_pd_q1_post_synth_exception/timing_violations.rpt,75,VIOLATED,-242,clk_osc_fast_buf_tap0,clk_osc_fast_buf_tap0,clk_osc_fast_buf_tap0,(R) u_core_gen_pd_row[7].gen_pd_col[0].u_pd/q1_reg/C,(F) u_core_gen_pd_row[7].gen_pd_col[0].u_pd/q2_reg/D
OSC_FAST_REAL,PD_Q1_TO_Q2_LOCAL_FAST,REAL_TIMING,/home/validmgr/ksabra/2026_SPAD/SPADMIC/results/genus_osc_pd/20260609_o13_abs5d_pd_q1_post_synth_exception/timing_violations.rpt,76,VIOLATED,-242,clk_osc_fast_buf_tap7,clk_osc_fast_buf_tap7,clk_osc_fast_buf_tap7,(R) u_core_gen_pd_row[6].gen_pd_col[7].u_pd/q1_reg/C,(F) u_core_gen_pd_row[6].gen_pd_col[7].u_pd/q2_reg/D
OSC_FAST_REAL,PD_Q1_TO_Q2_LOCAL_FAST,REAL_TIMING,/home/validmgr/ksabra/2026_SPAD/SPADMIC/results/genus_osc_pd/20260609_o13_abs5d_pd_q1_post_synth_exception/timing_violations.rpt,77,VIOLATED,-242,clk_osc_fast_buf_tap7,clk_osc_fast_buf_tap7,clk_osc_fast_buf_tap7,(R) u_core_gen_pd_row[3].gen_pd_col[7].u_pd/q1_reg/C,(F) u_core_gen_pd_row[3].gen_pd_col[7].u_pd/q2_reg/D
OSC_FAST_REAL,PD_Q1_TO_Q2_LOCAL_FAST,REAL_TIMING,/home/validmgr/ksabra/2026_SPAD/SPADMIC/results/genus_osc_pd/20260609_o13_abs5d_pd_q1_post_synth_exception/timing_violations.rpt,78,VIOLATED,-242,clk_osc_fast_buf_tap4,clk_osc_fast_buf_tap4,clk_osc_fast_buf_tap4,(R) u_core_gen_pd_row[3].gen_pd_col[4].u_pd/q1_reg/C,(F) u_core_gen_pd_row[3].gen_pd_col[4].u_pd/q2_reg/D
OSC_FAST_REAL,PD_Q1_TO_Q2_LOCAL_FAST,REAL_TIMING,/home/validmgr/ksabra/2026_SPAD/SPADMIC/results/genus_osc_pd/20260609_o13_abs5d_pd_q1_post_synth_exception/timing_violations.rpt,79,VIOLATED,-242,clk_osc_fast_buf_tap4,clk_osc_fast_buf_tap4,clk_osc_fast_buf_tap4,(R) u_core_gen_pd_row[6].gen_pd_col[4].u_pd/q1_reg/C,(F) u_core_gen_pd_row[6].gen_pd_col[4].u_pd/q2_reg/D
OSC_FAST_REAL,PD_Q1_TO_Q2_LOCAL_FAST,REAL_TIMING,/home/validmgr/ksabra/2026_SPAD/SPADMIC/results/genus_osc_pd/20260609_o13_abs5d_pd_q1_post_synth_exception/timing_violations.rpt,80,VIOLATED,-242,clk_osc_fast_buf_tap0,clk_osc_fast_buf_tap0,clk_osc_fast_buf_tap0,(R) u_core_gen_pd_row[6].gen_pd_col[0].u_pd/q1_reg/C,(F) u_core_gen_pd_row[6].gen_pd_col[0].u_pd/q2_reg/D
OSC_FAST_REAL,PD_Q1_TO_Q2_LOCAL_FAST,REAL_TIMING,/home/validmgr/ksabra/2026_SPAD/SPADMIC/results/genus_osc_pd/20260609_o13_abs5d_pd_q1_post_synth_exception/timing_violations.rpt,81,VIOLATED,-242,clk_osc_fast_buf_tap1,clk_osc_fast_buf_tap1,clk_osc_fast_buf_tap1,(R) u_core_gen_pd_row[6].gen_pd_col[1].u_pd/q1_reg/C,(F) u_core_gen_pd_row[6].gen_pd_col[1].u_pd/q2_reg/D
OSC_FAST_REAL,PD_Q1_TO_Q2_LOCAL_FAST,REAL_TIMING,/home/validmgr/ksabra/2026_SPAD/SPADMIC/results/genus_osc_pd/20260609_o13_abs5d_pd_q1_post_synth_exception/timing_violations.rpt,82,VIOLATED,-242,clk_osc_fast_buf_tap1,clk_osc_fast_buf_tap1,clk_osc_fast_buf_tap1,(R) u_core_gen_pd_row[5].gen_pd_col[1].u_pd/q1_reg/C,(F) u_core_gen_pd_row[5].gen_pd_col[1].u_pd/q2_reg/D
OSC_FAST_REAL,PD_Q1_TO_Q2_LOCAL_FAST,REAL_TIMING,/home/validmgr/ksabra/2026_SPAD/SPADMIC/results/genus_osc_pd/20260609_o13_abs5d_pd_q1_post_synth_exception/timing_violations.rpt,83,VIOLATED,-242,clk_osc_fast_buf_tap2,clk_osc_fast_buf_tap2,clk_osc_fast_buf_tap2,(R) u_core_gen_pd_row[5].gen_pd_col[2].u_pd/q1_reg/C,(F) u_core_gen_pd_row[5].gen_pd_col[2].u_pd/q2_reg/D
OSC_FAST_REAL,PD_Q1_TO_Q2_LOCAL_FAST,REAL_TIMING,/home/validmgr/ksabra/2026_SPAD/SPADMIC/results/genus_osc_pd/20260609_o13_abs5d_pd_q1_post_synth_exception/timing_violations.rpt,84,VIOLATED,-242,clk_osc_fast_buf_tap2,clk_osc_fast_buf_tap2,clk_osc_fast_buf_tap2,(R) u_core_gen_pd_row[6].gen_pd_col[2].u_pd/q1_reg/C,(F) u_core_gen_pd_row[6].gen_pd_col[2].u_pd/q2_reg/D
OSC_FAST_REAL,PD_Q1_TO_Q2_LOCAL_FAST,REAL_TIMING,/home/validmgr/ksabra/2026_SPAD/SPADMIC/results/genus_osc_pd/20260609_o13_abs5d_pd_q1_post_synth_exception/timing_violations.rpt,85,VIOLATED,-242,clk_osc_fast_buf_tap2,clk_osc_fast_buf_tap2,clk_osc_fast_buf_tap2,(R) u_core_gen_pd_row[1].gen_pd_col[2].u_pd/q1_reg/C,(F) u_core_gen_pd_row[1].gen_pd_col[2].u_pd/q2_reg/D
OSC_FAST_REAL,PD_Q1_TO_Q2_LOCAL_FAST,REAL_TIMING,/home/validmgr/ksabra/2026_SPAD/SPADMIC/results/genus_osc_pd/20260609_o13_abs5d_pd_q1_post_synth_exception/timing_violations.rpt,86,VIOLATED,-241,clk_osc_fast_buf_tap2,clk_osc_fast_buf_tap2,clk_osc_fast_buf_tap2,(R) u_core_gen_pd_row[7].gen_pd_col[2].u_pd/q1_reg/C,(F) u_core_gen_pd_row[7].gen_pd_col[2].u_pd/q2_reg/D
OSC_FAST_REAL,PD_Q1_TO_Q2_LOCAL_FAST,REAL_TIMING,/home/validmgr/ksabra/2026_SPAD/SPADMIC/results/genus_osc_pd/20260609_o13_abs5d_pd_q1_post_synth_exception/timing_violations.rpt,87,VIOLATED,-241,clk_osc_fast_buf_tap2,clk_osc_fast_buf_tap2,clk_osc_fast_buf_tap2,(R) u_core_gen_pd_row[4].gen_pd_col[2].u_pd/q1_reg/C,(F) u_core_gen_pd_row[4].gen_pd_col[2].u_pd/q2_reg/D
OSC_FAST_REAL,PD_Q1_TO_Q2_LOCAL_FAST,REAL_TIMING,/home/validmgr/ksabra/2026_SPAD/SPADMIC/results/genus_osc_pd/20260609_o13_abs5d_pd_q1_post_synth_exception/timing_violations.rpt,88,VIOLATED,-139,clk_osc_fast_buf_tap3,clk_osc_fast_buf_tap3,clk_osc_fast_buf_tap3,(R) u_core_gen_pd_row[7].gen_pd_col[3].u_pd/q1_reg/C,(F) u_core_gen_pd_row[7].gen_pd_col[3].u_pd/q2_reg/D
OSC_FAST_REAL,PD_Q1_TO_Q2_LOCAL_FAST,REAL_TIMING,/home/validmgr/ksabra/2026_SPAD/SPADMIC/results/genus_osc_pd/20260609_o13_abs5d_pd_q1_post_synth_exception/timing_violations.rpt,89,VIOLATED,-110,clk_osc_fast_buf_tap1,clk_osc_fast_buf_tap1,clk_osc_fast_buf_tap1,(R) u_core_gen_pd_row[2].gen_pd_col[1].u_pd/q1_reg/C,(F) u_core_gen_pd_row[2].gen_pd_col[1].u_pd/q2_reg/D
OSC_FAST_REAL,PD_Q1_TO_Q2_LOCAL_FAST,REAL_TIMING,/home/validmgr/ksabra/2026_SPAD/SPADMIC/results/genus_osc_pd/20260609_o13_abs5d_pd_q1_post_synth_exception/timing_violations.rpt,90,VIOLATED,-110,clk_osc_fast_buf_tap0,clk_osc_fast_buf_tap0,clk_osc_fast_buf_tap0,(R) u_core_gen_pd_row[4].gen_pd_col[0].u_pd/q1_reg/C,(F) u_core_gen_pd_row[4].gen_pd_col[0].u_pd/q2_reg/D
OSC_FAST_REAL,PD_Q1_TO_Q2_LOCAL_FAST,REAL_TIMING,/home/validmgr/ksabra/2026_SPAD/SPADMIC/results/genus_osc_pd/20260609_o13_abs5d_pd_q1_post_synth_exception/timing_violations.rpt,91,VIOLATED,-110,clk_osc_fast_buf_tap1,clk_osc_fast_buf_tap1,clk_osc_fast_buf_tap1,(R) u_core_gen_pd_row[3].gen_pd_col[1].u_pd/q1_reg/C,(F) u_core_gen_pd_row[3].gen_pd_col[1].u_pd/q2_reg/D
OSC_FAST_REAL,PD_Q1_TO_Q2_LOCAL_FAST,REAL_TIMING,/home/validmgr/ksabra/2026_SPAD/SPADMIC/results/genus_osc_pd/20260609_o13_abs5d_pd_q1_post_synth_exception/timing_violations.rpt,92,VIOLATED,-110,clk_osc_fast_buf_tap0,clk_osc_fast_buf_tap0,clk_osc_fast_buf_tap0,(R) u_core_gen_pd_row[1].gen_pd_col[0].u_pd/q1_reg/C,(F) u_core_gen_pd_row[1].gen_pd_col[0].u_pd/q2_reg/D
OSC_FAST_REAL,PD_Q1_TO_Q2_LOCAL_FAST,REAL_TIMING,/home/validmgr/ksabra/2026_SPAD/SPADMIC/results/genus_osc_pd/20260609_o13_abs5d_pd_q1_post_synth_exception/timing_violations.rpt,93,VIOLATED,-98,clk_osc_fast_buf_tap1,clk_osc_fast_buf_tap1,clk_osc_fast_buf_tap1,(R) u_core_gen_pd_row[4].gen_pd_col[1].u_pd/q1_reg/C,(F) u_core_gen_pd_row[4].gen_pd_col[1].u_pd/q2_reg/D
OSC_FAST_REAL,PD_Q1_TO_Q2_LOCAL_FAST,REAL_TIMING,/home/validmgr/ksabra/2026_SPAD/SPADMIC/results/genus_osc_pd/20260609_o13_abs5d_pd_q1_post_synth_exception/timing_violations.rpt,94,VIOLATED,-98,clk_osc_fast_buf_tap5,clk_osc_fast_buf_tap5,clk_osc_fast_buf_tap5,(R) u_core_gen_pd_row[3].gen_pd_col[5].u_pd/q1_reg/C,(F) u_core_gen_pd_row[3].gen_pd_col[5].u_pd/q2_reg/D
OSC_FAST_REAL,PD_Q1_TO_Q2_LOCAL_FAST,REAL_TIMING,/home/validmgr/ksabra/2026_SPAD/SPADMIC/results/genus_osc_pd/20260609_o13_abs5d_pd_q1_post_synth_exception/timing_violations.rpt,95,VIOLATED,-98,clk_osc_fast_buf_tap5,clk_osc_fast_buf_tap5,clk_osc_fast_buf_tap5,(R) u_core_gen_pd_row[1].gen_pd_col[5].u_pd/q1_reg/C,(F) u_core_gen_pd_row[1].gen_pd_col[5].u_pd/q2_reg/D
OSC_FAST_REAL,PD_Q1_TO_Q2_LOCAL_FAST,REAL_TIMING,/home/validmgr/ksabra/2026_SPAD/SPADMIC/results/genus_osc_pd/20260609_o13_abs5d_pd_q1_post_synth_exception/timing_violations.rpt,96,VIOLATED,-98,clk_osc_fast_buf_tap4,clk_osc_fast_buf_tap4,clk_osc_fast_buf_tap4,(R) u_core_gen_pd_row[1].gen_pd_col[4].u_pd/q1_reg/C,(F) u_core_gen_pd_row[1].gen_pd_col[4].u_pd/q2_reg/D
OSC_FAST_REAL,PD_Q1_TO_Q2_LOCAL_FAST,REAL_TIMING,/home/validmgr/ksabra/2026_SPAD/SPADMIC/results/genus_osc_pd/20260609_o13_abs5d_pd_q1_post_synth_exception/timing_violations.rpt,97,VIOLATED,-98,clk_osc_fast_buf_tap3,clk_osc_fast_buf_tap3,clk_osc_fast_buf_tap3,(R) u_core_gen_pd_row[5].gen_pd_col[3].u_pd/q1_reg/C,(F) u_core_gen_pd_row[5].gen_pd_col[3].u_pd/q2_reg/D
OSC_FAST_REAL,PD_Q1_TO_Q2_LOCAL_FAST,REAL_TIMING,/home/validmgr/ksabra/2026_SPAD/SPADMIC/results/genus_osc_pd/20260609_o13_abs5d_pd_q1_post_synth_exception/timing_violations.rpt,98,VIOLATED,-98,clk_osc_fast_buf_tap3,clk_osc_fast_buf_tap3,clk_osc_fast_buf_tap3,(R) u_core_gen_pd_row[4].gen_pd_col[3].u_pd/q1_reg/C,(F) u_core_gen_pd_row[4].gen_pd_col[3].u_pd/q2_reg/D
OSC_FAST_REAL,PD_Q1_TO_Q2_LOCAL_FAST,REAL_TIMING,/home/validmgr/ksabra/2026_SPAD/SPADMIC/results/genus_osc_pd/20260609_o13_abs5d_pd_q1_post_synth_exception/timing_violations.rpt,99,VIOLATED,-98,clk_osc_fast_buf_tap3,clk_osc_fast_buf_tap3,clk_osc_fast_buf_tap3,(R) u_core_gen_pd_row[3].gen_pd_col[3].u_pd/q1_reg/C,(F) u_core_gen_pd_row[3].gen_pd_col[3].u_pd/q2_reg/D
OSC_FAST_REAL,PD_Q1_TO_Q2_LOCAL_FAST,REAL_TIMING,/home/validmgr/ksabra/2026_SPAD/SPADMIC/results/genus_osc_pd/20260609_o13_abs5d_pd_q1_post_synth_exception/timing_violations.rpt,100,VIOLATED,-98,clk_osc_fast_buf_tap2,clk_osc_fast_buf_tap2,clk_osc_fast_buf_tap2,(R) u_core_gen_pd_row[3].gen_pd_col[2].u_pd/q1_reg/C,(F) u_core_gen_pd_row[3].gen_pd_col[2].u_pd/q2_reg/D
OSC_FAST_REAL,PD_Q1_TO_Q2_LOCAL_FAST,REAL_TIMING,/home/validmgr/ksabra/2026_SPAD/SPADMIC/results/genus_osc_pd/20260609_o13_abs5d_pd_q1_post_synth_exception/timing_violations.rpt,101,VIOLATED,-98,clk_osc_fast_buf_tap5,clk_osc_fast_buf_tap5,clk_osc_fast_buf_tap5,(R) u_core_gen_pd_row[2].gen_pd_col[5].u_pd/q1_reg/C,(F) u_core_gen_pd_row[2].gen_pd_col[5].u_pd/q2_reg/D
OSC_FAST_REAL,PD_Q1_TO_Q2_LOCAL_FAST,REAL_TIMING,/home/validmgr/ksabra/2026_SPAD/SPADMIC/results/genus_osc_pd/20260609_o13_abs5d_pd_q1_post_synth_exception/timing_violations.rpt,102,VIOLATED,-98,clk_osc_fast_buf_tap3,clk_osc_fast_buf_tap3,clk_osc_fast_buf_tap3,(R) u_core_gen_pd_row[2].gen_pd_col[3].u_pd/q1_reg/C,(F) u_core_gen_pd_row[2].gen_pd_col[3].u_pd/q2_reg/D
OSC_FAST_REAL,PD_Q1_TO_Q2_LOCAL_FAST,REAL_TIMING,/home/validmgr/ksabra/2026_SPAD/SPADMIC/results/genus_osc_pd/20260609_o13_abs5d_pd_q1_post_synth_exception/timing_violations.rpt,103,VIOLATED,-98,clk_osc_fast_buf_tap4,clk_osc_fast_buf_tap4,clk_osc_fast_buf_tap4,(R) u_core_gen_pd_row[5].gen_pd_col[4].u_pd/q1_reg/C,(F) u_core_gen_pd_row[5].gen_pd_col[4].u_pd/q2_reg/D
OSC_FAST_REAL,PD_Q1_TO_Q2_LOCAL_FAST,REAL_TIMING,/home/validmgr/ksabra/2026_SPAD/SPADMIC/results/genus_osc_pd/20260609_o13_abs5d_pd_q1_post_synth_exception/timing_violations.rpt,104,VIOLATED,-98,clk_osc_fast_buf_tap4,clk_osc_fast_buf_tap4,clk_osc_fast_buf_tap4,(R) u_core_gen_pd_row[2].gen_pd_col[4].u_pd/q1_reg/C,(F) u_core_gen_pd_row[2].gen_pd_col[4].u_pd/q2_reg/D
OSC_FAST_REAL,PD_Q1_TO_Q2_LOCAL_FAST,REAL_TIMING,/home/validmgr/ksabra/2026_SPAD/SPADMIC/results/genus_osc_pd/20260609_o13_abs5d_pd_q1_post_synth_exception/timing_violations.rpt,105,VIOLATED,-98,clk_osc_fast_buf_tap4,clk_osc_fast_buf_tap4,clk_osc_fast_buf_tap4,(R) u_core_gen_pd_row[4].gen_pd_col[4].u_pd/q1_reg/C,(F) u_core_gen_pd_row[4].gen_pd_col[4].u_pd/q2_reg/D
OSC_FAST_REAL,PD_Q1_TO_Q2_LOCAL_FAST,REAL_TIMING,/home/validmgr/ksabra/2026_SPAD/SPADMIC/results/genus_osc_pd/20260609_o13_abs5d_pd_q1_post_synth_exception/timing_violations.rpt,106,VIOLATED,-98,clk_osc_fast_buf_tap1,clk_osc_fast_buf_tap1,clk_osc_fast_buf_tap1,(R) u_core_gen_pd_row[1].gen_pd_col[1].u_pd/q1_reg/C,(F) u_core_gen_pd_row[1].gen_pd_col[1].u_pd/q2_reg/D
OSC_FAST_REAL,PD_Q1_TO_Q2_LOCAL_FAST,REAL_TIMING,/home/validmgr/ksabra/2026_SPAD/SPADMIC/results/genus_osc_pd/20260609_o13_abs5d_pd_q1_post_synth_exception/timing_violations.rpt,107,VIOLATED,-97,clk_osc_fast_buf_tap6,clk_osc_fast_buf_tap6,clk_osc_fast_buf_tap6,(R) u_core_gen_pd_row[1].gen_pd_col[6].u_pd/q1_reg/C,(F) u_core_gen_pd_row[1].gen_pd_col[6].u_pd/q2_reg/D
OSC_FAST_REAL,PD_Q1_TO_Q2_LOCAL_FAST,REAL_TIMING,/home/validmgr/ksabra/2026_SPAD/SPADMIC/results/genus_osc_pd/20260609_o13_abs5d_pd_q1_post_synth_exception/timing_violations.rpt,108,VIOLATED,-97,clk_osc_fast_buf_tap1,clk_osc_fast_buf_tap1,clk_osc_fast_buf_tap1,(R) u_core_gen_pd_row[7].gen_pd_col[1].u_pd/q1_reg/C,(F) u_core_gen_pd_row[7].gen_pd_col[1].u_pd/q2_reg/D
OSC_FAST_REAL,PD_Q1_TO_Q2_LOCAL_FAST,REAL_TIMING,/home/validmgr/ksabra/2026_SPAD/SPADMIC/results/genus_osc_pd/20260609_o13_abs5d_pd_q1_post_synth_exception/timing_violations.rpt,109,VIOLATED,-97,clk_osc_fast_buf_tap6,clk_osc_fast_buf_tap6,clk_osc_fast_buf_tap6,(R) u_core_gen_pd_row[2].gen_pd_col[6].u_pd/q1_reg/C,(F) u_core_gen_pd_row[2].gen_pd_col[6].u_pd/q2_reg/D
OSC_FAST_REAL,LOCAL_FAST_TAG_SELF,REAL_TIMING,/home/validmgr/ksabra/2026_SPAD/SPADMIC/results/genus_osc_pd/20260609_o13_abs5d_pd_q1_post_synth_exception/timing_violations.rpt,110,VIOLATED,-50,clk_osc_fast_buf_tap7,clk_osc_fast_buf_tap7,clk_osc_fast_buf_tap7,(R) u_core_gen_fast_tag_col[7].u_fast_tag_tag_o_reg[5]/C,(F) u_core_gen_fast_tag_col[7].u_fast_tag_tag_o_reg[0]/D
OSC_FAST_REAL,LOCAL_FAST_TAG_SELF,REAL_TIMING,/home/validmgr/ksabra/2026_SPAD/SPADMIC/results/genus_osc_pd/20260609_o13_abs5d_pd_q1_post_synth_exception/timing_violations.rpt,111,VIOLATED,-49,clk_osc_fast_buf_tap2,clk_osc_fast_buf_tap2,clk_osc_fast_buf_tap2,(R) u_core_gen_fast_tag_col[2].u_fast_tag_tag_o_reg[5]/C,(F) u_core_gen_fast_tag_col[2].u_fast_tag_tag_o_reg[0]/D
OSC_FAST_REAL,LOCAL_FAST_TAG_SELF,REAL_TIMING,/home/validmgr/ksabra/2026_SPAD/SPADMIC/results/genus_osc_pd/20260609_o13_abs5d_pd_q1_post_synth_exception/timing_violations.rpt,112,VIOLATED,-49,clk_osc_fast_buf_tap1,clk_osc_fast_buf_tap1,clk_osc_fast_buf_tap1,(R) u_core_gen_fast_tag_col[1].u_fast_tag_tag_o_reg[5]/C,(F) u_core_gen_fast_tag_col[1].u_fast_tag_tag_o_reg[0]/D
OSC_FAST_REAL,LOCAL_FAST_TAG_SELF,REAL_TIMING,/home/validmgr/ksabra/2026_SPAD/SPADMIC/results/genus_osc_pd/20260609_o13_abs5d_pd_q1_post_synth_exception/timing_violations.rpt,113,VIOLATED,-41,clk_osc_fast_buf_tap5,clk_osc_fast_buf_tap5,clk_osc_fast_buf_tap5,(R) u_core_gen_fast_tag_col[5].u_fast_tag_tag_o_reg[5]/C,(F) u_core_gen_fast_tag_col[5].u_fast_tag_tag_o_reg[0]/D
OSC_FAST_REAL,LOCAL_FAST_TAG_SELF,REAL_TIMING,/home/validmgr/ksabra/2026_SPAD/SPADMIC/results/genus_osc_pd/20260609_o13_abs5d_pd_q1_post_synth_exception/timing_violations.rpt,114,VIOLATED,-41,clk_osc_fast_buf_tap4,clk_osc_fast_buf_tap4,clk_osc_fast_buf_tap4,(R) u_core_gen_fast_tag_col[4].u_fast_tag_tag_o_reg[5]/C,(F) u_core_gen_fast_tag_col[4].u_fast_tag_tag_o_reg[0]/D
OSC_FAST_REAL,LOCAL_FAST_TAG_SELF,REAL_TIMING,/home/validmgr/ksabra/2026_SPAD/SPADMIC/results/genus_osc_pd/20260609_o13_abs5d_pd_q1_post_synth_exception/timing_violations.rpt,115,VIOLATED,-41,clk_osc_fast_buf_tap3,clk_osc_fast_buf_tap3,clk_osc_fast_buf_tap3,(R) u_core_gen_fast_tag_col[3].u_fast_tag_tag_o_reg[5]/C,(F) u_core_gen_fast_tag_col[3].u_fast_tag_tag_o_reg[0]/D
OSC_FAST_REAL,FAST_TAG_TO_PD_TS,REAL_TIMING,/home/validmgr/ksabra/2026_SPAD/SPADMIC/results/genus_osc_pd/20260609_o13_abs5d_pd_q1_post_synth_exception/timing_violations.rpt,116,VIOLATED,-40,clk_osc_fast_buf_tap6,clk_osc_fast_buf_tap6,clk_osc_fast_buf_tap6,(R) u_core_gen_pd_row[3].gen_pd_col[6].u_pd/nfast_hit_latched_reg[4]/C,(F) u_core_gen_pd_row[3].gen_pd_col[6].u_pd/nfast_hit_latched_reg[4]/D
OSC_FAST_REAL,PD_HIT_LATCH_LOCAL_FAST,REAL_TIMING,/home/validmgr/ksabra/2026_SPAD/SPADMIC/results/genus_osc_pd/20260609_o13_abs5d_pd_q1_post_synth_exception/timing_violations.rpt,117,VIOLATED,-37,clk_osc_fast_buf_tap3,clk_osc_fast_buf_tap3,clk_osc_fast_buf_tap3,(R) u_core_gen_pd_row[7].gen_pd_col[3].u_pd/q1_reg/C,(R) u_core_gen_pd_row[7].gen_pd_col[3].u_pd/hit_latched_reg/D
OSC_FAST_REAL,PD_HIT_LATCH_LOCAL_FAST,REAL_TIMING,/home/validmgr/ksabra/2026_SPAD/SPADMIC/results/genus_osc_pd/20260609_o13_abs5d_pd_q1_post_synth_exception/timing_violations.rpt,118,VIOLATED,-29,clk_osc_fast_buf_tap3,clk_osc_fast_buf_tap3,clk_osc_fast_buf_tap3,(R) u_core_gen_pd_row[6].gen_pd_col[3].u_pd/q1_reg/C,(R) u_core_gen_pd_row[6].gen_pd_col[3].u_pd/hit_latched_reg/D
OSC_FAST_REAL,FAST_TAG_TO_PD_TS,REAL_TIMING,/home/validmgr/ksabra/2026_SPAD/SPADMIC/results/genus_osc_pd/20260609_o13_abs5d_pd_q1_post_synth_exception/timing_violations.rpt,119,VIOLATED,-28,clk_osc_fast_buf_tap6,clk_osc_fast_buf_tap6,clk_osc_fast_buf_tap6,(R) u_core_gen_fast_tag_col[6].u_fast_tag_tag_o_reg[2]/C,(F) u_core_gen_pd_row[3].gen_pd_col[6].u_pd/nfast_hit_latched_reg[2]/D
OSC_FAST_REAL,FAST_TAG_TO_PD_TS,REAL_TIMING,/home/validmgr/ksabra/2026_SPAD/SPADMIC/results/genus_osc_pd/20260609_o13_abs5d_pd_q1_post_synth_exception/timing_violations.rpt,120,VIOLATED,-23,clk_osc_fast_buf_tap6,clk_osc_fast_buf_tap6,clk_osc_fast_buf_tap6,(R) u_core_gen_pd_row[3].gen_pd_col[6].u_pd/nfast_hit_latched_reg[3]/C,(F) u_core_gen_pd_row[3].gen_pd_col[6].u_pd/nfast_hit_latched_reg[3]/D
OSC_FAST_REAL,FAST_TAG_TO_PD_TS,REAL_TIMING,/home/validmgr/ksabra/2026_SPAD/SPADMIC/results/genus_osc_pd/20260609_o13_abs5d_pd_q1_post_synth_exception/timing_violations.rpt,121,VIOLATED,-23,clk_osc_fast_buf_tap6,clk_osc_fast_buf_tap6,clk_osc_fast_buf_tap6,(R) u_core_gen_pd_row[3].gen_pd_col[6].u_pd/nfast_hit_latched_reg[1]/C,(F) u_core_gen_pd_row[3].gen_pd_col[6].u_pd/nfast_hit_latched_reg[1]/D
OSC_FAST_REAL,FAST_TAG_TO_PD_TS,REAL_TIMING,/home/validmgr/ksabra/2026_SPAD/SPADMIC/results/genus_osc_pd/20260609_o13_abs5d_pd_q1_post_synth_exception/timing_violations.rpt,122,VIOLATED,-23,clk_osc_fast_buf_tap0,clk_osc_fast_buf_tap0,clk_osc_fast_buf_tap0,(R) u_core_gen_pd_row[3].gen_pd_col[0].u_pd/nfast_hit_latched_reg[3]/C,(F) u_core_gen_pd_row[3].gen_pd_col[0].u_pd/nfast_hit_latched_reg[3]/D
OSC_FAST_REAL,FAST_TAG_TO_PD_TS,REAL_TIMING,/home/validmgr/ksabra/2026_SPAD/SPADMIC/results/genus_osc_pd/20260609_o13_abs5d_pd_q1_post_synth_exception/timing_violations.rpt,123,VIOLATED,-23,clk_osc_fast_buf_tap0,clk_osc_fast_buf_tap0,clk_osc_fast_buf_tap0,(R) u_core_gen_pd_row[3].gen_pd_col[0].u_pd/nfast_hit_latched_reg[4]/C,(F) u_core_gen_pd_row[3].gen_pd_col[0].u_pd/nfast_hit_latched_reg[4]/D
OSC_FAST_REAL,FAST_TAG_TO_PD_TS,REAL_TIMING,/home/validmgr/ksabra/2026_SPAD/SPADMIC/results/genus_osc_pd/20260609_o13_abs5d_pd_q1_post_synth_exception/timing_violations.rpt,124,VIOLATED,-23,clk_osc_fast_buf_tap0,clk_osc_fast_buf_tap0,clk_osc_fast_buf_tap0,(R) u_core_gen_pd_row[3].gen_pd_col[0].u_pd/nfast_hit_latched_reg[1]/C,(F) u_core_gen_pd_row[3].gen_pd_col[0].u_pd/nfast_hit_latched_reg[1]/D
OSC_FAST_REAL,FAST_TAG_TO_PD_TS,REAL_TIMING,/home/validmgr/ksabra/2026_SPAD/SPADMIC/results/genus_osc_pd/20260609_o13_abs5d_pd_q1_post_synth_exception/timing_violations.rpt,125,VIOLATED,-23,clk_osc_fast_buf_tap0,clk_osc_fast_buf_tap0,clk_osc_fast_buf_tap0,(R) u_core_gen_pd_row[3].gen_pd_col[0].u_pd/nfast_hit_latched_reg[2]/C,(F) u_core_gen_pd_row[3].gen_pd_col[0].u_pd/nfast_hit_latched_reg[2]/D
OSC_FAST_REAL,FAST_TAG_TO_PD_TS,REAL_TIMING,/home/validmgr/ksabra/2026_SPAD/SPADMIC/results/genus_osc_pd/20260609_o13_abs5d_pd_q1_post_synth_exception/timing_violations.rpt,126,VIOLATED,-23,clk_osc_fast_buf_tap6,clk_osc_fast_buf_tap6,clk_osc_fast_buf_tap6,(R) u_core_gen_pd_row[3].gen_pd_col[6].u_pd/nfast_hit_latched_reg[6]/C,(F) u_core_gen_pd_row[3].gen_pd_col[6].u_pd/nfast_hit_latched_reg[6]/D
OSC_FAST_REAL,FAST_TAG_TO_PD_TS,REAL_TIMING,/home/validmgr/ksabra/2026_SPAD/SPADMIC/results/genus_osc_pd/20260609_o13_abs5d_pd_q1_post_synth_exception/timing_violations.rpt,127,VIOLATED,-23,clk_osc_fast_buf_tap6,clk_osc_fast_buf_tap6,clk_osc_fast_buf_tap6,(R) u_core_gen_pd_row[7].gen_pd_col[6].u_pd/nfast_hit_latched_reg[2]/C,(F) u_core_gen_pd_row[7].gen_pd_col[6].u_pd/nfast_hit_latched_reg[2]/D
OSC_FAST_REAL,FAST_TAG_TO_PD_TS,REAL_TIMING,/home/validmgr/ksabra/2026_SPAD/SPADMIC/results/genus_osc_pd/20260609_o13_abs5d_pd_q1_post_synth_exception/timing_violations.rpt,128,VIOLATED,-23,clk_osc_fast_buf_tap6,clk_osc_fast_buf_tap6,clk_osc_fast_buf_tap6,(R) u_core_gen_pd_row[6].gen_pd_col[6].u_pd/nfast_hit_latched_reg[2]/C,(F) u_core_gen_pd_row[6].gen_pd_col[6].u_pd/nfast_hit_latched_reg[2]/D
OSC_FAST_REAL,FAST_TAG_TO_PD_TS,REAL_TIMING,/home/validmgr/ksabra/2026_SPAD/SPADMIC/results/genus_osc_pd/20260609_o13_abs5d_pd_q1_post_synth_exception/timing_violations.rpt,129,VIOLATED,-23,clk_osc_fast_buf_tap6,clk_osc_fast_buf_tap6,clk_osc_fast_buf_tap6,(R) u_core_gen_pd_row[5].gen_pd_col[6].u_pd/nfast_hit_latched_reg[2]/C,(F) u_core_gen_pd_row[5].gen_pd_col[6].u_pd/nfast_hit_latched_reg[2]/D
OSC_FAST_REAL,FAST_TAG_TO_PD_TS,REAL_TIMING,/home/validmgr/ksabra/2026_SPAD/SPADMIC/results/genus_osc_pd/20260609_o13_abs5d_pd_q1_post_synth_exception/timing_violations.rpt,130,VIOLATED,-23,clk_osc_fast_buf_tap6,clk_osc_fast_buf_tap6,clk_osc_fast_buf_tap6,(R) u_core_gen_pd_row[4].gen_pd_col[6].u_pd/nfast_hit_latched_reg[2]/C,(F) u_core_gen_pd_row[4].gen_pd_col[6].u_pd/nfast_hit_latched_reg[2]/D
OSC_FAST_REAL,FAST_TAG_TO_PD_TS,REAL_TIMING,/home/validmgr/ksabra/2026_SPAD/SPADMIC/results/genus_osc_pd/20260609_o13_abs5d_pd_q1_post_synth_exception/timing_violations.rpt,131,VIOLATED,-23,clk_osc_fast_buf_tap0,clk_osc_fast_buf_tap0,clk_osc_fast_buf_tap0,(R) u_core_gen_pd_row[3].gen_pd_col[0].u_pd/nfast_hit_latched_reg[5]/C,(F) u_core_gen_pd_row[3].gen_pd_col[0].u_pd/nfast_hit_latched_reg[5]/D
OSC_FAST_REAL,FAST_TAG_TO_PD_TS,REAL_TIMING,/home/validmgr/ksabra/2026_SPAD/SPADMIC/results/genus_osc_pd/20260609_o13_abs5d_pd_q1_post_synth_exception/timing_violations.rpt,132,VIOLATED,-23,clk_osc_fast_buf_tap6,clk_osc_fast_buf_tap6,clk_osc_fast_buf_tap6,(R) u_core_gen_pd_row[2].gen_pd_col[6].u_pd/nfast_hit_latched_reg[2]/C,(F) u_core_gen_pd_row[2].gen_pd_col[6].u_pd/nfast_hit_latched_reg[2]/D
OSC_FAST_REAL,FAST_TAG_TO_PD_TS,REAL_TIMING,/home/validmgr/ksabra/2026_SPAD/SPADMIC/results/genus_osc_pd/20260609_o13_abs5d_pd_q1_post_synth_exception/timing_violations.rpt,133,VIOLATED,-23,clk_osc_fast_buf_tap6,clk_osc_fast_buf_tap6,clk_osc_fast_buf_tap6,(R) u_core_gen_pd_row[1].gen_pd_col[6].u_pd/nfast_hit_latched_reg[2]/C,(F) u_core_gen_pd_row[1].gen_pd_col[6].u_pd/nfast_hit_latched_reg[2]/D
OSC_FAST_REAL,FAST_TAG_TO_PD_TS,REAL_TIMING,/home/validmgr/ksabra/2026_SPAD/SPADMIC/results/genus_osc_pd/20260609_o13_abs5d_pd_q1_post_synth_exception/timing_violations.rpt,134,VIOLATED,-23,clk_osc_fast_buf_tap6,clk_osc_fast_buf_tap6,clk_osc_fast_buf_tap6,(R) u_core_gen_pd_row[0].gen_pd_col[6].u_pd/nfast_hit_latched_reg[2]/C,(F) u_core_gen_pd_row[0].gen_pd_col[6].u_pd/nfast_hit_latched_reg[2]/D
OSC_FAST_REAL,FAST_TAG_TO_PD_TS,REAL_TIMING,/home/validmgr/ksabra/2026_SPAD/SPADMIC/results/genus_osc_pd/20260609_o13_abs5d_pd_q1_post_synth_exception/timing_violations.rpt,135,VIOLATED,-22,clk_osc_fast_buf_tap6,clk_osc_fast_buf_tap6,clk_osc_fast_buf_tap6,(R) u_core_gen_pd_row[3].gen_pd_col[6].u_pd/nfast_hit_latched_reg[5]/C,(F) u_core_gen_pd_row[3].gen_pd_col[6].u_pd/nfast_hit_latched_reg[5]/D
OSC_FAST_REAL,FAST_TAG_TO_PD_TS,REAL_TIMING,/home/validmgr/ksabra/2026_SPAD/SPADMIC/results/genus_osc_pd/20260609_o13_abs5d_pd_q1_post_synth_exception/timing_violations.rpt,136,VIOLATED,-22,clk_osc_fast_buf_tap0,clk_osc_fast_buf_tap0,clk_osc_fast_buf_tap0,(R) u_core_gen_pd_row[3].gen_pd_col[0].u_pd/nfast_hit_latched_reg[6]/C,(F) u_core_gen_pd_row[3].gen_pd_col[0].u_pd/nfast_hit_latched_reg[6]/D
OSC_FAST_REAL,PD_HIT_LATCH_LOCAL_FAST,REAL_TIMING,/home/validmgr/ksabra/2026_SPAD/SPADMIC/results/genus_osc_pd/20260609_o13_abs5d_pd_q1_post_synth_exception/timing_violations.rpt,137,VIOLATED,-22,clk_osc_fast_buf_tap0,clk_osc_fast_buf_tap0,clk_osc_fast_buf_tap0,(R) u_core_gen_pd_row[5].gen_pd_col[0].u_pd/hit_latched_reg/C,(F) u_core_gen_pd_row[5].gen_pd_col[0].u_pd/hit_latched_reg/D
OSC_FAST_REAL,FAST_TAG_TO_PD_TS,REAL_TIMING,/home/validmgr/ksabra/2026_SPAD/SPADMIC/results/genus_osc_pd/20260609_o13_abs5d_pd_q1_post_synth_exception/timing_violations.rpt,138,VIOLATED,-12,clk_osc_fast_buf_tap2,clk_osc_fast_buf_tap2,clk_osc_fast_buf_tap2,(R) u_core_gen_fast_tag_col[2].u_fast_tag_tag_o_reg[2]/C,(F) u_core_gen_pd_row[7].gen_pd_col[2].u_pd/nfast_hit_latched_reg[2]/D
OSC_FAST_REAL,FAST_TAG_TO_PD_TS,REAL_TIMING,/home/validmgr/ksabra/2026_SPAD/SPADMIC/results/genus_osc_pd/20260609_o13_abs5d_pd_q1_post_synth_exception/timing_violations.rpt,139,VIOLATED,-12,clk_osc_fast_buf_tap2,clk_osc_fast_buf_tap2,clk_osc_fast_buf_tap2,(R) u_core_gen_fast_tag_col[2].u_fast_tag_tag_o_reg[2]/C,(F) u_core_gen_pd_row[6].gen_pd_col[2].u_pd/nfast_hit_latched_reg[2]/D
OSC_FAST_REAL,FAST_TAG_TO_PD_TS,REAL_TIMING,/home/validmgr/ksabra/2026_SPAD/SPADMIC/results/genus_osc_pd/20260609_o13_abs5d_pd_q1_post_synth_exception/timing_violations.rpt,140,VIOLATED,-12,clk_osc_fast_buf_tap2,clk_osc_fast_buf_tap2,clk_osc_fast_buf_tap2,(R) u_core_gen_fast_tag_col[2].u_fast_tag_tag_o_reg[2]/C,(F) u_core_gen_pd_row[5].gen_pd_col[2].u_pd/nfast_hit_latched_reg[2]/D
OSC_FAST_REAL,FAST_TAG_TO_PD_TS,REAL_TIMING,/home/validmgr/ksabra/2026_SPAD/SPADMIC/results/genus_osc_pd/20260609_o13_abs5d_pd_q1_post_synth_exception/timing_violations.rpt,141,VIOLATED,-12,clk_osc_fast_buf_tap2,clk_osc_fast_buf_tap2,clk_osc_fast_buf_tap2,(R) u_core_gen_fast_tag_col[2].u_fast_tag_tag_o_reg[2]/C,(F) u_core_gen_pd_row[4].gen_pd_col[2].u_pd/nfast_hit_latched_reg[2]/D
OSC_FAST_REAL,FAST_TAG_TO_PD_TS,REAL_TIMING,/home/validmgr/ksabra/2026_SPAD/SPADMIC/results/genus_osc_pd/20260609_o13_abs5d_pd_q1_post_synth_exception/timing_violations.rpt,142,VIOLATED,-12,clk_osc_fast_buf_tap2,clk_osc_fast_buf_tap2,clk_osc_fast_buf_tap2,(R) u_core_gen_fast_tag_col[2].u_fast_tag_tag_o_reg[2]/C,(F) u_core_gen_pd_row[1].gen_pd_col[2].u_pd/nfast_hit_latched_reg[2]/D
OSC_FAST_REAL,PD_HIT_LATCH_LOCAL_FAST,REAL_TIMING,/home/validmgr/ksabra/2026_SPAD/SPADMIC/results/genus_osc_pd/20260609_o13_abs5d_pd_q1_post_synth_exception/timing_violations.rpt,143,VIOLATED,-11,clk_osc_fast_buf_tap0,clk_osc_fast_buf_tap0,clk_osc_fast_buf_tap0,(R) u_core_gen_pd_row[3].gen_pd_col[0].u_pd/hit_latched_reg/C,(F) u_core_gen_pd_row[3].gen_pd_col[0].u_pd/hit_latched_reg/D
OSC_FAST_REAL,FAST_TAG_TO_PD_TS,REAL_TIMING,/home/validmgr/ksabra/2026_SPAD/SPADMIC/results/genus_osc_pd/20260609_o13_abs5d_pd_q1_post_synth_exception/timing_violations.rpt,144,VIOLATED,-11,clk_osc_fast_buf_tap5,clk_osc_fast_buf_tap5,clk_osc_fast_buf_tap5,(R) u_core_gen_pd_row[0].gen_pd_col[5].u_pd/hit_latched_reg/C,(F) u_core_gen_pd_row[0].gen_pd_col[5].u_pd/nfast_hit_latched_reg[4]/D
OSC_FAST_REAL,FAST_TAG_TO_PD_TS,REAL_TIMING,/home/validmgr/ksabra/2026_SPAD/SPADMIC/results/genus_osc_pd/20260609_o13_abs5d_pd_q1_post_synth_exception/timing_violations.rpt,145,VIOLATED,-11,clk_osc_fast_buf_tap5,clk_osc_fast_buf_tap5,clk_osc_fast_buf_tap5,(R) u_core_gen_pd_row[0].gen_pd_col[5].u_pd/hit_latched_reg/C,(F) u_core_gen_pd_row[0].gen_pd_col[5].u_pd/nfast_hit_latched_reg[2]/D
OSC_FAST_REAL,FAST_TAG_TO_PD_TS,REAL_TIMING,/home/validmgr/ksabra/2026_SPAD/SPADMIC/results/genus_osc_pd/20260609_o13_abs5d_pd_q1_post_synth_exception/timing_violations.rpt,146,VIOLATED,-11,clk_osc_fast_buf_tap5,clk_osc_fast_buf_tap5,clk_osc_fast_buf_tap5,(R) u_core_gen_pd_row[7].gen_pd_col[5].u_pd/hit_latched_reg/C,(F) u_core_gen_pd_row[7].gen_pd_col[5].u_pd/nfast_hit_latched_reg[4]/D
OSC_FAST_REAL,FAST_TAG_TO_PD_TS,REAL_TIMING,/home/validmgr/ksabra/2026_SPAD/SPADMIC/results/genus_osc_pd/20260609_o13_abs5d_pd_q1_post_synth_exception/timing_violations.rpt,147,VIOLATED,-11,clk_osc_fast_buf_tap5,clk_osc_fast_buf_tap5,clk_osc_fast_buf_tap5,(R) u_core_gen_pd_row[7].gen_pd_col[5].u_pd/hit_latched_reg/C,(F) u_core_gen_pd_row[7].gen_pd_col[5].u_pd/nfast_hit_latched_reg[2]/D
OSC_FAST_REAL,FAST_TAG_TO_PD_TS,REAL_TIMING,/home/validmgr/ksabra/2026_SPAD/SPADMIC/results/genus_osc_pd/20260609_o13_abs5d_pd_q1_post_synth_exception/timing_violations.rpt,148,VIOLATED,-11,clk_osc_fast_buf_tap5,clk_osc_fast_buf_tap5,clk_osc_fast_buf_tap5,(R) u_core_gen_pd_row[6].gen_pd_col[5].u_pd/hit_latched_reg/C,(F) u_core_gen_pd_row[6].gen_pd_col[5].u_pd/nfast_hit_latched_reg[4]/D
OSC_FAST_REAL,FAST_TAG_TO_PD_TS,REAL_TIMING,/home/validmgr/ksabra/2026_SPAD/SPADMIC/results/genus_osc_pd/20260609_o13_abs5d_pd_q1_post_synth_exception/timing_violations.rpt,149,VIOLATED,-11,clk_osc_fast_buf_tap5,clk_osc_fast_buf_tap5,clk_osc_fast_buf_tap5,(R) u_core_gen_pd_row[6].gen_pd_col[5].u_pd/hit_latched_reg/C,(F) u_core_gen_pd_row[6].gen_pd_col[5].u_pd/nfast_hit_latched_reg[2]/D
OSC_FAST_REAL,FAST_TAG_TO_PD_TS,REAL_TIMING,/home/validmgr/ksabra/2026_SPAD/SPADMIC/results/genus_osc_pd/20260609_o13_abs5d_pd_q1_post_synth_exception/timing_violations.rpt,150,VIOLATED,-11,clk_osc_fast_buf_tap5,clk_osc_fast_buf_tap5,clk_osc_fast_buf_tap5,(R) u_core_gen_pd_row[1].gen_pd_col[5].u_pd/hit_latched_reg/C,(F) u_core_gen_pd_row[1].gen_pd_col[5].u_pd/nfast_hit_latched_reg[4]/D
OSC_FAST_REAL,FAST_TAG_TO_PD_TS,REAL_TIMING,/home/validmgr/ksabra/2026_SPAD/SPADMIC/results/genus_osc_pd/20260609_o13_abs5d_pd_q1_post_synth_exception/timing_violations.rpt,151,VIOLATED,-11,clk_osc_fast_buf_tap5,clk_osc_fast_buf_tap5,clk_osc_fast_buf_tap5,(R) u_core_gen_pd_row[1].gen_pd_col[5].u_pd/hit_latched_reg/C,(F) u_core_gen_pd_row[1].gen_pd_col[5].u_pd/nfast_hit_latched_reg[2]/D
OSC_FAST_REAL,FAST_TAG_TO_PD_TS,REAL_TIMING,/home/validmgr/ksabra/2026_SPAD/SPADMIC/results/genus_osc_pd/20260609_o13_abs5d_pd_q1_post_synth_exception/timing_violations.rpt,152,VIOLATED,-11,clk_osc_fast_buf_tap5,clk_osc_fast_buf_tap5,clk_osc_fast_buf_tap5,(R) u_core_gen_pd_row[0].gen_pd_col[5].u_pd/hit_latched_reg/C,(F) u_core_gen_pd_row[0].gen_pd_col[5].u_pd/nfast_hit_latched_reg[3]/D
OSC_FAST_REAL,FAST_TAG_TO_PD_TS,REAL_TIMING,/home/validmgr/ksabra/2026_SPAD/SPADMIC/results/genus_osc_pd/20260609_o13_abs5d_pd_q1_post_synth_exception/timing_violations.rpt,153,VIOLATED,-11,clk_osc_fast_buf_tap5,clk_osc_fast_buf_tap5,clk_osc_fast_buf_tap5,(R) u_core_gen_pd_row[0].gen_pd_col[5].u_pd/hit_latched_reg/C,(F) u_core_gen_pd_row[0].gen_pd_col[5].u_pd/nfast_hit_latched_reg[1]/D
OSC_FAST_REAL,FAST_TAG_TO_PD_TS,REAL_TIMING,/home/validmgr/ksabra/2026_SPAD/SPADMIC/results/genus_osc_pd/20260609_o13_abs5d_pd_q1_post_synth_exception/timing_violations.rpt,154,VIOLATED,-11,clk_osc_fast_buf_tap5,clk_osc_fast_buf_tap5,clk_osc_fast_buf_tap5,(R) u_core_gen_pd_row[0].gen_pd_col[5].u_pd/hit_latched_reg/C,(F) u_core_gen_pd_row[0].gen_pd_col[5].u_pd/nfast_hit_latched_reg[6]/D
OSC_FAST_REAL,FAST_TAG_TO_PD_TS,REAL_TIMING,/home/validmgr/ksabra/2026_SPAD/SPADMIC/results/genus_osc_pd/20260609_o13_abs5d_pd_q1_post_synth_exception/timing_violations.rpt,155,VIOLATED,-10,clk_osc_fast_buf_tap4,clk_osc_fast_buf_tap4,clk_osc_fast_buf_tap4,(R) u_core_gen_pd_row[7].gen_pd_col[4].u_pd/hit_latched_reg/C,(F) u_core_gen_pd_row[7].gen_pd_col[4].u_pd/nfast_hit_latched_reg[2]/D
OSC_FAST_REAL,FAST_TAG_TO_PD_TS,REAL_TIMING,/home/validmgr/ksabra/2026_SPAD/SPADMIC/results/genus_osc_pd/20260609_o13_abs5d_pd_q1_post_synth_exception/timing_violations.rpt,156,VIOLATED,-10,clk_osc_fast_buf_tap4,clk_osc_fast_buf_tap4,clk_osc_fast_buf_tap4,(R) u_core_gen_pd_row[6].gen_pd_col[4].u_pd/hit_latched_reg/C,(F) u_core_gen_pd_row[6].gen_pd_col[4].u_pd/nfast_hit_latched_reg[2]/D
OSC_FAST_REAL,FAST_TAG_TO_PD_TS,REAL_TIMING,/home/validmgr/ksabra/2026_SPAD/SPADMIC/results/genus_osc_pd/20260609_o13_abs5d_pd_q1_post_synth_exception/timing_violations.rpt,157,VIOLATED,-10,clk_osc_fast_buf_tap4,clk_osc_fast_buf_tap4,clk_osc_fast_buf_tap4,(R) u_core_gen_pd_row[5].gen_pd_col[4].u_pd/hit_latched_reg/C,(F) u_core_gen_pd_row[5].gen_pd_col[4].u_pd/nfast_hit_latched_reg[2]/D
OSC_FAST_REAL,FAST_TAG_TO_PD_TS,REAL_TIMING,/home/validmgr/ksabra/2026_SPAD/SPADMIC/results/genus_osc_pd/20260609_o13_abs5d_pd_q1_post_synth_exception/timing_violations.rpt,158,VIOLATED,-10,clk_osc_fast_buf_tap4,clk_osc_fast_buf_tap4,clk_osc_fast_buf_tap4,(R) u_core_gen_pd_row[4].gen_pd_col[4].u_pd/hit_latched_reg/C,(F) u_core_gen_pd_row[4].gen_pd_col[4].u_pd/nfast_hit_latched_reg[2]/D
OSC_FAST_REAL,FAST_TAG_TO_PD_TS,REAL_TIMING,/home/validmgr/ksabra/2026_SPAD/SPADMIC/results/genus_osc_pd/20260609_o13_abs5d_pd_q1_post_synth_exception/timing_violations.rpt,159,VIOLATED,-10,clk_osc_fast_buf_tap4,clk_osc_fast_buf_tap4,clk_osc_fast_buf_tap4,(R) u_core_gen_pd_row[3].gen_pd_col[4].u_pd/hit_latched_reg/C,(F) u_core_gen_pd_row[3].gen_pd_col[4].u_pd/nfast_hit_latched_reg[2]/D
OSC_FAST_REAL,FAST_TAG_TO_PD_TS,REAL_TIMING,/home/validmgr/ksabra/2026_SPAD/SPADMIC/results/genus_osc_pd/20260609_o13_abs5d_pd_q1_post_synth_exception/timing_violations.rpt,160,VIOLATED,-10,clk_osc_fast_buf_tap4,clk_osc_fast_buf_tap4,clk_osc_fast_buf_tap4,(R) u_core_gen_pd_row[0].gen_pd_col[4].u_pd/hit_latched_reg/C,(F) u_core_gen_pd_row[0].gen_pd_col[4].u_pd/nfast_hit_latched_reg[2]/D
OSC_FAST_REAL,FAST_TAG_TO_PD_TS,REAL_TIMING,/home/validmgr/ksabra/2026_SPAD/SPADMIC/results/genus_osc_pd/20260609_o13_abs5d_pd_q1_post_synth_exception/timing_violations.rpt,161,VIOLATED,-10,clk_osc_fast_buf_tap3,clk_osc_fast_buf_tap3,clk_osc_fast_buf_tap3,(R) u_core_gen_fast_tag_col[3].u_fast_tag_tag_o_reg[2]/C,(F) u_core_gen_pd_row[7].gen_pd_col[3].u_pd/nfast_hit_latched_reg[2]/D
OSC_FAST_REAL,FAST_TAG_TO_PD_TS,REAL_TIMING,/home/validmgr/ksabra/2026_SPAD/SPADMIC/results/genus_osc_pd/20260609_o13_abs5d_pd_q1_post_synth_exception/timing_violations.rpt,162,VIOLATED,-10,clk_osc_fast_buf_tap1,clk_osc_fast_buf_tap1,clk_osc_fast_buf_tap1,(R) u_core_gen_fast_tag_col[1].u_fast_tag_tag_o_reg[2]/C,(F) u_core_gen_pd_row[7].gen_pd_col[1].u_pd/nfast_hit_latched_reg[2]/D
OSC_FAST_REAL,FAST_TAG_TO_PD_TS,REAL_TIMING,/home/validmgr/ksabra/2026_SPAD/SPADMIC/results/genus_osc_pd/20260609_o13_abs5d_pd_q1_post_synth_exception/timing_violations.rpt,163,VIOLATED,-10,clk_osc_fast_buf_tap3,clk_osc_fast_buf_tap3,clk_osc_fast_buf_tap3,(R) u_core_gen_fast_tag_col[3].u_fast_tag_tag_o_reg[2]/C,(F) u_core_gen_pd_row[6].gen_pd_col[3].u_pd/nfast_hit_latched_reg[2]/D
OSC_FAST_REAL,FAST_TAG_TO_PD_TS,REAL_TIMING,/home/validmgr/ksabra/2026_SPAD/SPADMIC/results/genus_osc_pd/20260609_o13_abs5d_pd_q1_post_synth_exception/timing_violations.rpt,164,VIOLATED,-10,clk_osc_fast_buf_tap1,clk_osc_fast_buf_tap1,clk_osc_fast_buf_tap1,(R) u_core_gen_fast_tag_col[1].u_fast_tag_tag_o_reg[2]/C,(F) u_core_gen_pd_row[6].gen_pd_col[1].u_pd/nfast_hit_latched_reg[2]/D
OSC_FAST_REAL,FAST_TAG_TO_PD_TS,REAL_TIMING,/home/validmgr/ksabra/2026_SPAD/SPADMIC/results/genus_osc_pd/20260609_o13_abs5d_pd_q1_post_synth_exception/timing_violations.rpt,165,VIOLATED,-10,clk_osc_fast_buf_tap5,clk_osc_fast_buf_tap5,clk_osc_fast_buf_tap5,(R) u_core_gen_fast_tag_col[5].u_fast_tag_tag_o_reg[2]/C,(F) u_core_gen_pd_row[5].gen_pd_col[5].u_pd/nfast_hit_latched_reg[2]/D
OSC_FAST_REAL,FAST_TAG_TO_PD_TS,REAL_TIMING,/home/validmgr/ksabra/2026_SPAD/SPADMIC/results/genus_osc_pd/20260609_o13_abs5d_pd_q1_post_synth_exception/timing_violations.rpt,166,VIOLATED,-10,clk_osc_fast_buf_tap3,clk_osc_fast_buf_tap3,clk_osc_fast_buf_tap3,(R) u_core_gen_fast_tag_col[3].u_fast_tag_tag_o_reg[2]/C,(F) u_core_gen_pd_row[5].gen_pd_col[3].u_pd/nfast_hit_latched_reg[2]/D
OSC_FAST_REAL,FAST_TAG_TO_PD_TS,REAL_TIMING,/home/validmgr/ksabra/2026_SPAD/SPADMIC/results/genus_osc_pd/20260609_o13_abs5d_pd_q1_post_synth_exception/timing_violations.rpt,167,VIOLATED,-10,clk_osc_fast_buf_tap1,clk_osc_fast_buf_tap1,clk_osc_fast_buf_tap1,(R) u_core_gen_fast_tag_col[1].u_fast_tag_tag_o_reg[2]/C,(F) u_core_gen_pd_row[5].gen_pd_col[1].u_pd/nfast_hit_latched_reg[2]/D
OSC_FAST_REAL,FAST_TAG_TO_PD_TS,REAL_TIMING,/home/validmgr/ksabra/2026_SPAD/SPADMIC/results/genus_osc_pd/20260609_o13_abs5d_pd_q1_post_synth_exception/timing_violations.rpt,168,VIOLATED,-10,clk_osc_fast_buf_tap5,clk_osc_fast_buf_tap5,clk_osc_fast_buf_tap5,(R) u_core_gen_fast_tag_col[5].u_fast_tag_tag_o_reg[2]/C,(F) u_core_gen_pd_row[4].gen_pd_col[5].u_pd/nfast_hit_latched_reg[2]/D
OSC_FAST_REAL,FAST_TAG_TO_PD_TS,REAL_TIMING,/home/validmgr/ksabra/2026_SPAD/SPADMIC/results/genus_osc_pd/20260609_o13_abs5d_pd_q1_post_synth_exception/timing_violations.rpt,169,VIOLATED,-10,clk_osc_fast_buf_tap3,clk_osc_fast_buf_tap3,clk_osc_fast_buf_tap3,(R) u_core_gen_fast_tag_col[3].u_fast_tag_tag_o_reg[2]/C,(F) u_core_gen_pd_row[4].gen_pd_col[3].u_pd/nfast_hit_latched_reg[2]/D
OSC_FAST_REAL,FAST_TAG_TO_PD_TS,REAL_TIMING,/home/validmgr/ksabra/2026_SPAD/SPADMIC/results/genus_osc_pd/20260609_o13_abs5d_pd_q1_post_synth_exception/timing_violations.rpt,170,VIOLATED,-10,clk_osc_fast_buf_tap1,clk_osc_fast_buf_tap1,clk_osc_fast_buf_tap1,(R) u_core_gen_fast_tag_col[1].u_fast_tag_tag_o_reg[2]/C,(F) u_core_gen_pd_row[4].gen_pd_col[1].u_pd/nfast_hit_latched_reg[2]/D
OSC_FAST_REAL,FAST_TAG_TO_PD_TS,REAL_TIMING,/home/validmgr/ksabra/2026_SPAD/SPADMIC/results/genus_osc_pd/20260609_o13_abs5d_pd_q1_post_synth_exception/timing_violations.rpt,171,VIOLATED,-10,clk_osc_fast_buf_tap5,clk_osc_fast_buf_tap5,clk_osc_fast_buf_tap5,(R) u_core_gen_fast_tag_col[5].u_fast_tag_tag_o_reg[4]/C,(F) u_core_gen_pd_row[3].gen_pd_col[5].u_pd/nfast_hit_latched_reg[4]/D
OSC_FAST_REAL,FAST_TAG_TO_PD_TS,REAL_TIMING,/home/validmgr/ksabra/2026_SPAD/SPADMIC/results/genus_osc_pd/20260609_o13_abs5d_pd_q1_post_synth_exception/timing_violations.rpt,172,VIOLATED,-10,clk_osc_fast_buf_tap5,clk_osc_fast_buf_tap5,clk_osc_fast_buf_tap5,(R) u_core_gen_fast_tag_col[5].u_fast_tag_tag_o_reg[4]/C,(F) u_core_gen_pd_row[2].gen_pd_col[5].u_pd/nfast_hit_latched_reg[4]/D
OSC_FAST_REAL,FAST_TAG_TO_PD_TS,REAL_TIMING,/home/validmgr/ksabra/2026_SPAD/SPADMIC/results/genus_osc_pd/20260609_o13_abs5d_pd_q1_post_synth_exception/timing_violations.rpt,173,VIOLATED,-10,clk_osc_fast_buf_tap1,clk_osc_fast_buf_tap1,clk_osc_fast_buf_tap1,(R) u_core_gen_fast_tag_col[1].u_fast_tag_tag_o_reg[2]/C,(F) u_core_gen_pd_row[2].gen_pd_col[1].u_pd/nfast_hit_latched_reg[2]/D
OSC_FAST_REAL,FAST_TAG_TO_PD_TS,REAL_TIMING,/home/validmgr/ksabra/2026_SPAD/SPADMIC/results/genus_osc_pd/20260609_o13_abs5d_pd_q1_post_synth_exception/timing_violations.rpt,174,VIOLATED,-10,clk_osc_fast_buf_tap3,clk_osc_fast_buf_tap3,clk_osc_fast_buf_tap3,(R) u_core_gen_fast_tag_col[3].u_fast_tag_tag_o_reg[2]/C,(F) u_core_gen_pd_row[1].gen_pd_col[3].u_pd/nfast_hit_latched_reg[2]/D
OSC_FAST_REAL,FAST_TAG_TO_PD_TS,REAL_TIMING,/home/validmgr/ksabra/2026_SPAD/SPADMIC/results/genus_osc_pd/20260609_o13_abs5d_pd_q1_post_synth_exception/timing_violations.rpt,175,VIOLATED,-10,clk_osc_fast_buf_tap1,clk_osc_fast_buf_tap1,clk_osc_fast_buf_tap1,(R) u_core_gen_fast_tag_col[1].u_fast_tag_tag_o_reg[2]/C,(F) u_core_gen_pd_row[1].gen_pd_col[1].u_pd/nfast_hit_latched_reg[2]/D
OSC_FAST_REAL,FAST_TAG_TO_PD_TS,REAL_TIMING,/home/validmgr/ksabra/2026_SPAD/SPADMIC/results/genus_osc_pd/20260609_o13_abs5d_pd_q1_post_synth_exception/timing_violations.rpt,176,VIOLATED,-10,clk_osc_fast_buf_tap3,clk_osc_fast_buf_tap3,clk_osc_fast_buf_tap3,(R) u_core_gen_fast_tag_col[3].u_fast_tag_tag_o_reg[2]/C,(F) u_core_gen_pd_row[0].gen_pd_col[3].u_pd/nfast_hit_latched_reg[2]/D
OSC_FAST_REAL,FAST_TAG_TO_PD_TS,REAL_TIMING,/home/validmgr/ksabra/2026_SPAD/SPADMIC/results/genus_osc_pd/20260609_o13_abs5d_pd_q1_post_synth_exception/timing_violations.rpt,177,VIOLATED,-10,clk_osc_fast_buf_tap5,clk_osc_fast_buf_tap5,clk_osc_fast_buf_tap5,(R) u_core_gen_pd_row[7].gen_pd_col[5].u_pd/hit_latched_reg/C,(F) u_core_gen_pd_row[7].gen_pd_col[5].u_pd/nfast_hit_latched_reg[6]/D
OSC_FAST_REAL,FAST_TAG_TO_PD_TS,REAL_TIMING,/home/validmgr/ksabra/2026_SPAD/SPADMIC/results/genus_osc_pd/20260609_o13_abs5d_pd_q1_post_synth_exception/timing_violations.rpt,178,VIOLATED,-10,clk_osc_fast_buf_tap5,clk_osc_fast_buf_tap5,clk_osc_fast_buf_tap5,(R) u_core_gen_pd_row[7].gen_pd_col[5].u_pd/hit_latched_reg/C,(F) u_core_gen_pd_row[7].gen_pd_col[5].u_pd/nfast_hit_latched_reg[1]/D
OSC_FAST_REAL,FAST_TAG_TO_PD_TS,REAL_TIMING,/home/validmgr/ksabra/2026_SPAD/SPADMIC/results/genus_osc_pd/20260609_o13_abs5d_pd_q1_post_synth_exception/timing_violations.rpt,179,VIOLATED,-10,clk_osc_fast_buf_tap5,clk_osc_fast_buf_tap5,clk_osc_fast_buf_tap5,(R) u_core_gen_pd_row[7].gen_pd_col[5].u_pd/hit_latched_reg/C,(F) u_core_gen_pd_row[7].gen_pd_col[5].u_pd/nfast_hit_latched_reg[3]/D
OSC_FAST_REAL,FAST_TAG_TO_PD_TS,REAL_TIMING,/home/validmgr/ksabra/2026_SPAD/SPADMIC/results/genus_osc_pd/20260609_o13_abs5d_pd_q1_post_synth_exception/timing_violations.rpt,180,VIOLATED,-10,clk_osc_fast_buf_tap5,clk_osc_fast_buf_tap5,clk_osc_fast_buf_tap5,(R) u_core_gen_pd_row[6].gen_pd_col[5].u_pd/hit_latched_reg/C,(F) u_core_gen_pd_row[6].gen_pd_col[5].u_pd/nfast_hit_latched_reg[6]/D
OSC_FAST_REAL,FAST_TAG_TO_PD_TS,REAL_TIMING,/home/validmgr/ksabra/2026_SPAD/SPADMIC/results/genus_osc_pd/20260609_o13_abs5d_pd_q1_post_synth_exception/timing_violations.rpt,181,VIOLATED,-10,clk_osc_fast_buf_tap5,clk_osc_fast_buf_tap5,clk_osc_fast_buf_tap5,(R) u_core_gen_pd_row[6].gen_pd_col[5].u_pd/hit_latched_reg/C,(F) u_core_gen_pd_row[6].gen_pd_col[5].u_pd/nfast_hit_latched_reg[3]/D
OSC_FAST_REAL,FAST_TAG_TO_PD_TS,REAL_TIMING,/home/validmgr/ksabra/2026_SPAD/SPADMIC/results/genus_osc_pd/20260609_o13_abs5d_pd_q1_post_synth_exception/timing_violations.rpt,182,VIOLATED,-10,clk_osc_fast_buf_tap5,clk_osc_fast_buf_tap5,clk_osc_fast_buf_tap5,(R) u_core_gen_pd_row[6].gen_pd_col[5].u_pd/hit_latched_reg/C,(F) u_core_gen_pd_row[6].gen_pd_col[5].u_pd/nfast_hit_latched_reg[1]/D
OSC_FAST_REAL,FAST_TAG_TO_PD_TS,REAL_TIMING,/home/validmgr/ksabra/2026_SPAD/SPADMIC/results/genus_osc_pd/20260609_o13_abs5d_pd_q1_post_synth_exception/timing_violations.rpt,183,VIOLATED,-10,clk_osc_fast_buf_tap5,clk_osc_fast_buf_tap5,clk_osc_fast_buf_tap5,(R) u_core_gen_pd_row[1].gen_pd_col[5].u_pd/hit_latched_reg/C,(F) u_core_gen_pd_row[1].gen_pd_col[5].u_pd/nfast_hit_latched_reg[3]/D
OSC_FAST_REAL,FAST_TAG_TO_PD_TS,REAL_TIMING,/home/validmgr/ksabra/2026_SPAD/SPADMIC/results/genus_osc_pd/20260609_o13_abs5d_pd_q1_post_synth_exception/timing_violations.rpt,184,VIOLATED,-10,clk_osc_fast_buf_tap5,clk_osc_fast_buf_tap5,clk_osc_fast_buf_tap5,(R) u_core_gen_pd_row[1].gen_pd_col[5].u_pd/hit_latched_reg/C,(F) u_core_gen_pd_row[1].gen_pd_col[5].u_pd/nfast_hit_latched_reg[1]/D
OSC_FAST_REAL,FAST_TAG_TO_PD_TS,REAL_TIMING,/home/validmgr/ksabra/2026_SPAD/SPADMIC/results/genus_osc_pd/20260609_o13_abs5d_pd_q1_post_synth_exception/timing_violations.rpt,185,VIOLATED,-10,clk_osc_fast_buf_tap5,clk_osc_fast_buf_tap5,clk_osc_fast_buf_tap5,(R) u_core_gen_pd_row[1].gen_pd_col[5].u_pd/hit_latched_reg/C,(F) u_core_gen_pd_row[1].gen_pd_col[5].u_pd/nfast_hit_latched_reg[6]/D
OSC_FAST_REAL,FAST_TAG_TO_PD_TS,REAL_TIMING,/home/validmgr/ksabra/2026_SPAD/SPADMIC/results/genus_osc_pd/20260609_o13_abs5d_pd_q1_post_synth_exception/timing_violations.rpt,186,VIOLATED,-10,clk_osc_fast_buf_tap4,clk_osc_fast_buf_tap4,clk_osc_fast_buf_tap4,(R) u_core_gen_pd_row[7].gen_pd_col[4].u_pd/hit_latched_reg/C,(F) u_core_gen_pd_row[7].gen_pd_col[4].u_pd/nfast_hit_latched_reg[6]/D
OSC_FAST_REAL,FAST_TAG_TO_PD_TS,REAL_TIMING,/home/validmgr/ksabra/2026_SPAD/SPADMIC/results/genus_osc_pd/20260609_o13_abs5d_pd_q1_post_synth_exception/timing_violations.rpt,187,VIOLATED,-10,clk_osc_fast_buf_tap4,clk_osc_fast_buf_tap4,clk_osc_fast_buf_tap4,(R) u_core_gen_pd_row[7].gen_pd_col[4].u_pd/hit_latched_reg/C,(F) u_core_gen_pd_row[7].gen_pd_col[4].u_pd/nfast_hit_latched_reg[4]/D
OSC_FAST_REAL,FAST_TAG_TO_PD_TS,REAL_TIMING,/home/validmgr/ksabra/2026_SPAD/SPADMIC/results/genus_osc_pd/20260609_o13_abs5d_pd_q1_post_synth_exception/timing_violations.rpt,188,VIOLATED,-10,clk_osc_fast_buf_tap4,clk_osc_fast_buf_tap4,clk_osc_fast_buf_tap4,(R) u_core_gen_pd_row[7].gen_pd_col[4].u_pd/hit_latched_reg/C,(F) u_core_gen_pd_row[7].gen_pd_col[4].u_pd/nfast_hit_latched_reg[1]/D
OSC_FAST_REAL,FAST_TAG_TO_PD_TS,REAL_TIMING,/home/validmgr/ksabra/2026_SPAD/SPADMIC/results/genus_osc_pd/20260609_o13_abs5d_pd_q1_post_synth_exception/timing_violations.rpt,189,VIOLATED,-10,clk_osc_fast_buf_tap4,clk_osc_fast_buf_tap4,clk_osc_fast_buf_tap4,(R) u_core_gen_pd_row[7].gen_pd_col[4].u_pd/hit_latched_reg/C,(F) u_core_gen_pd_row[7].gen_pd_col[4].u_pd/nfast_hit_latched_reg[3]/D
OSC_FAST_REAL,FAST_TAG_TO_PD_TS,REAL_TIMING,/home/validmgr/ksabra/2026_SPAD/SPADMIC/results/genus_osc_pd/20260609_o13_abs5d_pd_q1_post_synth_exception/timing_violations.rpt,190,VIOLATED,-10,clk_osc_fast_buf_tap2,clk_osc_fast_buf_tap2,clk_osc_fast_buf_tap2,(R) u_core_gen_pd_row[7].gen_pd_col[2].u_pd/hit_latched_reg/C,(F) u_core_gen_pd_row[7].gen_pd_col[2].u_pd/nfast_hit_latched_reg[1]/D
OSC_FAST_REAL,FAST_TAG_TO_PD_TS,REAL_TIMING,/home/validmgr/ksabra/2026_SPAD/SPADMIC/results/genus_osc_pd/20260609_o13_abs5d_pd_q1_post_synth_exception/timing_violations.rpt,191,VIOLATED,-10,clk_osc_fast_buf_tap2,clk_osc_fast_buf_tap2,clk_osc_fast_buf_tap2,(R) u_core_gen_pd_row[7].gen_pd_col[2].u_pd/hit_latched_reg/C,(F) u_core_gen_pd_row[7].gen_pd_col[2].u_pd/nfast_hit_latched_reg[3]/D
OSC_FAST_REAL,FAST_TAG_TO_PD_TS,REAL_TIMING,/home/validmgr/ksabra/2026_SPAD/SPADMIC/results/genus_osc_pd/20260609_o13_abs5d_pd_q1_post_synth_exception/timing_violations.rpt,192,VIOLATED,-10,clk_osc_fast_buf_tap2,clk_osc_fast_buf_tap2,clk_osc_fast_buf_tap2,(R) u_core_gen_pd_row[7].gen_pd_col[2].u_pd/hit_latched_reg/C,(F) u_core_gen_pd_row[7].gen_pd_col[2].u_pd/nfast_hit_latched_reg[4]/D
OSC_FAST_REAL,FAST_TAG_TO_PD_TS,REAL_TIMING,/home/validmgr/ksabra/2026_SPAD/SPADMIC/results/genus_osc_pd/20260609_o13_abs5d_pd_q1_post_synth_exception/timing_violations.rpt,193,VIOLATED,-10,clk_osc_fast_buf_tap2,clk_osc_fast_buf_tap2,clk_osc_fast_buf_tap2,(R) u_core_gen_pd_row[7].gen_pd_col[2].u_pd/hit_latched_reg/C,(F) u_core_gen_pd_row[7].gen_pd_col[2].u_pd/nfast_hit_latched_reg[6]/D
OSC_FAST_REAL,FAST_TAG_TO_PD_TS,REAL_TIMING,/home/validmgr/ksabra/2026_SPAD/SPADMIC/results/genus_osc_pd/20260609_o13_abs5d_pd_q1_post_synth_exception/timing_violations.rpt,194,VIOLATED,-10,clk_osc_fast_buf_tap4,clk_osc_fast_buf_tap4,clk_osc_fast_buf_tap4,(R) u_core_gen_pd_row[6].gen_pd_col[4].u_pd/hit_latched_reg/C,(F) u_core_gen_pd_row[6].gen_pd_col[4].u_pd/nfast_hit_latched_reg[6]/D
OSC_FAST_REAL,FAST_TAG_TO_PD_TS,REAL_TIMING,/home/validmgr/ksabra/2026_SPAD/SPADMIC/results/genus_osc_pd/20260609_o13_abs5d_pd_q1_post_synth_exception/timing_violations.rpt,195,VIOLATED,-10,clk_osc_fast_buf_tap4,clk_osc_fast_buf_tap4,clk_osc_fast_buf_tap4,(R) u_core_gen_pd_row[6].gen_pd_col[4].u_pd/hit_latched_reg/C,(F) u_core_gen_pd_row[6].gen_pd_col[4].u_pd/nfast_hit_latched_reg[3]/D
OSC_FAST_REAL,FAST_TAG_TO_PD_TS,REAL_TIMING,/home/validmgr/ksabra/2026_SPAD/SPADMIC/results/genus_osc_pd/20260609_o13_abs5d_pd_q1_post_synth_exception/timing_violations.rpt,196,VIOLATED,-10,clk_osc_fast_buf_tap4,clk_osc_fast_buf_tap4,clk_osc_fast_buf_tap4,(R) u_core_gen_pd_row[6].gen_pd_col[4].u_pd/hit_latched_reg/C,(F) u_core_gen_pd_row[6].gen_pd_col[4].u_pd/nfast_hit_latched_reg[1]/D
OSC_FAST_REAL,FAST_TAG_TO_PD_TS,REAL_TIMING,/home/validmgr/ksabra/2026_SPAD/SPADMIC/results/genus_osc_pd/20260609_o13_abs5d_pd_q1_post_synth_exception/timing_violations.rpt,197,VIOLATED,-10,clk_osc_fast_buf_tap4,clk_osc_fast_buf_tap4,clk_osc_fast_buf_tap4,(R) u_core_gen_pd_row[6].gen_pd_col[4].u_pd/hit_latched_reg/C,(F) u_core_gen_pd_row[6].gen_pd_col[4].u_pd/nfast_hit_latched_reg[4]/D
OSC_FAST_REAL,FAST_TAG_TO_PD_TS,REAL_TIMING,/home/validmgr/ksabra/2026_SPAD/SPADMIC/results/genus_osc_pd/20260609_o13_abs5d_pd_q1_post_synth_exception/timing_violations.rpt,198,VIOLATED,-10,clk_osc_fast_buf_tap4,clk_osc_fast_buf_tap4,clk_osc_fast_buf_tap4,(R) u_core_gen_pd_row[5].gen_pd_col[4].u_pd/hit_latched_reg/C,(F) u_core_gen_pd_row[5].gen_pd_col[4].u_pd/nfast_hit_latched_reg[6]/D
OSC_FAST_REAL,FAST_TAG_TO_PD_TS,REAL_TIMING,/home/validmgr/ksabra/2026_SPAD/SPADMIC/results/genus_osc_pd/20260609_o13_abs5d_pd_q1_post_synth_exception/timing_violations.rpt,199,VIOLATED,-10,clk_osc_fast_buf_tap4,clk_osc_fast_buf_tap4,clk_osc_fast_buf_tap4,(R) u_core_gen_pd_row[5].gen_pd_col[4].u_pd/hit_latched_reg/C,(F) u_core_gen_pd_row[5].gen_pd_col[4].u_pd/nfast_hit_latched_reg[3]/D
OSC_FAST_REAL,FAST_TAG_TO_PD_TS,REAL_TIMING,/home/validmgr/ksabra/2026_SPAD/SPADMIC/results/genus_osc_pd/20260609_o13_abs5d_pd_q1_post_synth_exception/timing_violations.rpt,200,VIOLATED,-10,clk_osc_fast_buf_tap4,clk_osc_fast_buf_tap4,clk_osc_fast_buf_tap4,(R) u_core_gen_pd_row[5].gen_pd_col[4].u_pd/hit_latched_reg/C,(F) u_core_gen_pd_row[5].gen_pd_col[4].u_pd/nfast_hit_latched_reg[1]/D
