tile,ns,nf,instance,llx,lly,urx,ury,center_x,center_y,leaf_count,bbox_source,expected_llx,expected_lly,expected_urx,expected_ury,dx,dy,status
0_0,0,0,u_core_gen_pd_row[0].gen_pd_col[0].u_pd,292.88,624.96,328.72,674.24,310.8,649.6,25,hier_leaf_aggregate,50.4,250.88,87.9,288.38,241.65,379.97,OUTSIDE_TILE_REGION
0_1,0,1,u_core_gen_pd_row[0].gen_pd_col[1].u_pd,275.52,571.2,315.28,624.96,295.4,598.08,25,hier_leaf_aggregate,50.4,288.38,87.9,325.88,226.25,290.95,OUTSIDE_TILE_REGION
0_2,0,2,u_core_gen_pd_row[0].gen_pd_col[2].u_pd,429.52,504.0,512.4,544.32,470.96,524.16,26,hier_leaf_aggregate,50.4,325.88,87.9,363.38,401.81,179.53,OUTSIDE_TILE_REGION
0_3,0,3,u_core_gen_pd_row[0].gen_pd_col[3].u_pd,515.2,427.84,612.08,521.92,563.64,474.88,27,hier_leaf_aggregate,50.4,363.38,87.9,400.88,494.49,92.75,OUTSIDE_TILE_REGION
0_4,0,4,u_core_gen_pd_row[0].gen_pd_col[4].u_pd,372.96,400.96,460.32,517.44,416.64,459.2,29,hier_leaf_aggregate,50.4,400.88,87.9,438.38,347.49,39.57,OUTSIDE_TILE_REGION
0_5,0,5,u_core_gen_pd_row[0].gen_pd_col[5].u_pd,447.44,356.16,498.4,521.92,472.92,439.04,25,hier_leaf_aggregate,50.4,438.38,87.9,475.88,403.77,-18.09,OUTSIDE_TILE_REGION
0_6,0,6,u_core_gen_pd_row[0].gen_pd_col[6].u_pd,61.04,517.44,119.28,580.16,90.16,548.8,30,hier_leaf_aggregate,50.4,475.88,87.9,513.38,21.01,54.17,OUTSIDE_TILE_REGION
0_7,0,7,u_core_gen_pd_row[0].gen_pd_col[7].u_pd,137.76,526.4,178.64,584.64,158.2,555.52,25,hier_leaf_aggregate,50.4,513.38,87.9,550.88,89.05,23.39,OUTSIDE_TILE_REGION
1_0,1,0,u_core_gen_pd_row[1].gen_pd_col[0].u_pd,220.08,616.0,324.24,701.12,272.16,658.56,25,hier_leaf_aggregate,87.9,250.88,125.4,288.38,165.51,388.93,OUTSIDE_TILE_REGION
1_1,1,1,u_core_gen_pd_row[1].gen_pd_col[1].u_pd,220.08,571.2,312.48,624.96,266.28,598.08,31,hier_leaf_aggregate,87.9,288.38,125.4,325.88,159.63,290.95,OUTSIDE_TILE_REGION
1_2,1,2,u_core_gen_pd_row[1].gen_pd_col[2].u_pd,421.68,495.04,516.32,548.8,469.0,521.92,26,hier_leaf_aggregate,87.9,325.88,125.4,363.38,362.35,177.29,OUTSIDE_TILE_REGION
1_3,1,3,u_core_gen_pd_row[1].gen_pd_col[3].u_pd,507.36,418.88,593.04,459.2,550.2,439.04,25,hier_leaf_aggregate,87.9,363.38,125.4,400.88,443.55,56.91,OUTSIDE_TILE_REGION
1_4,1,4,u_core_gen_pd_row[1].gen_pd_col[4].u_pd,222.32,400.96,309.12,441.28,265.72,421.12,26,hier_leaf_aggregate,87.9,400.88,125.4,438.38,159.07,1.49,OUTSIDE_TILE_REGION
1_5,1,5,u_core_gen_pd_row[1].gen_pd_col[5].u_pd,427.28,347.2,501.2,423.36,464.24,385.28,25,hier_leaf_aggregate,87.9,438.38,125.4,475.88,357.59,-71.85,OUTSIDE_TILE_REGION
1_6,1,6,u_core_gen_pd_row[1].gen_pd_col[6].u_pd,52.08,472.64,131.6,517.44,91.84,495.04,26,hier_leaf_aggregate,87.9,475.88,125.4,513.38,-14.81,0.41,OK
1_7,1,7,u_core_gen_pd_row[1].gen_pd_col[7].u_pd,119.28,481.6,169.68,589.12,144.48,535.36,32,hier_leaf_aggregate,87.9,513.38,125.4,550.88,37.83,3.23,OUTSIDE_TILE_REGION
2_0,2,0,u_core_gen_pd_row[2].gen_pd_col[0].u_pd,208.88,598.08,297.36,701.12,253.12,649.6,25,hier_leaf_aggregate,125.4,250.88,162.9,288.38,108.97,379.97,OUTSIDE_TILE_REGION
2_1,2,1,u_core_gen_pd_row[2].gen_pd_col[1].u_pd,132.16,504.0,232.4,602.56,182.28,553.28,26,hier_leaf_aggregate,125.4,288.38,162.9,325.88,38.13,246.15,OUTSIDE_TILE_REGION
2_2,2,2,u_core_gen_pd_row[2].gen_pd_col[2].u_pd,468.72,463.68,516.88,508.48,492.8,486.08,28,hier_leaf_aggregate,125.4,325.88,162.9,363.38,348.65,141.45,OUTSIDE_TILE_REGION
2_3,2,3,u_core_gen_pd_row[2].gen_pd_col[3].u_pd,492.8,360.64,610.4,427.84,551.6,394.24,25,hier_leaf_aggregate,125.4,363.38,162.9,400.88,407.45,12.11,OUTSIDE_TILE_REGION
2_4,2,4,u_core_gen_pd_row[2].gen_pd_col[4].u_pd,225.68,365.12,310.24,414.4,267.96,389.76,31,hier_leaf_aggregate,125.4,400.88,162.9,438.38,123.81,-29.87,OUTSIDE_TILE_REGION
2_5,2,5,u_core_gen_pd_row[2].gen_pd_col[5].u_pd,412.72,338.24,490.56,383.04,451.64,360.64,25,hier_leaf_aggregate,125.4,438.38,162.9,475.88,307.49,-96.49,OUTSIDE_TILE_REGION
2_6,2,6,u_core_gen_pd_row[2].gen_pd_col[6].u_pd,50.4,441.28,146.72,481.6,98.56,461.44,31,hier_leaf_aggregate,125.4,475.88,162.9,513.38,-45.59,-33.19,OUTSIDE_TILE_REGION
2_7,2,7,u_core_gen_pd_row[2].gen_pd_col[7].u_pd,128.24,463.68,186.48,593.6,157.36,528.64,25,hier_leaf_aggregate,125.4,513.38,162.9,550.88,13.21,-3.49,OK
3_0,3,0,u_core_gen_pd_row[3].gen_pd_col[0].u_pd,223.44,598.08,269.36,696.64,246.4,647.36,25,hier_leaf_aggregate,162.9,250.88,200.4,288.38,64.75,377.73,OUTSIDE_TILE_REGION
3_1,3,1,u_core_gen_pd_row[3].gen_pd_col[1].u_pd,185.36,463.68,230.72,607.04,208.04,535.36,25,hier_leaf_aggregate,162.9,288.38,200.4,325.88,26.39,228.23,OUTSIDE_TILE_REGION
3_2,3,2,u_core_gen_pd_row[3].gen_pd_col[2].u_pd,497.28,392.0,533.68,504.0,515.48,448.0,26,hier_leaf_aggregate,162.9,325.88,200.4,363.38,333.83,103.37,OUTSIDE_TILE_REGION
3_3,3,3,u_core_gen_pd_row[3].gen_pd_col[3].u_pd,511.28,351.68,615.44,423.36,563.36,387.52,25,hier_leaf_aggregate,162.9,363.38,200.4,400.88,381.71,5.39,OUTSIDE_TILE_REGION
3_4,3,4,u_core_gen_pd_row[3].gen_pd_col[4].u_pd,288.4,338.24,379.68,414.4,334.04,376.32,31,hier_leaf_aggregate,162.9,400.88,200.4,438.38,152.39,-43.31,OUTSIDE_TILE_REGION
3_5,3,5,u_core_gen_pd_row[3].gen_pd_col[5].u_pd,417.2,315.84,477.68,414.4,447.44,365.12,26,hier_leaf_aggregate,162.9,438.38,200.4,475.88,265.79,-92.01,OUTSIDE_TILE_REGION
3_6,3,6,u_core_gen_pd_row[3].gen_pd_col[6].u_pd,46.48,405.44,173.6,441.28,110.04,423.36,31,hier_leaf_aggregate,162.9,475.88,200.4,513.38,-71.61,-71.27,OUTSIDE_TILE_REGION
3_7,3,7,u_core_gen_pd_row[3].gen_pd_col[7].u_pd,145.6,392.0,185.92,432.32,165.76,412.16,24,hier_leaf_aggregate,162.9,513.38,200.4,550.88,-15.89,-119.97,OUTSIDE_TILE_REGION
4_0,4,0,u_core_gen_pd_row[4].gen_pd_col[0].u_pd,213.36,297.92,308.0,338.24,260.68,318.08,31,hier_leaf_aggregate,200.4,250.88,237.9,288.38,41.53,48.45,OUTSIDE_TILE_REGION
4_1,4,1,u_core_gen_pd_row[4].gen_pd_col[1].u_pd,192.64,338.24,262.08,374.08,227.36,356.16,31,hier_leaf_aggregate,200.4,288.38,237.9,325.88,8.21,49.03,OUTSIDE_TILE_REGION
4_2,4,2,u_core_gen_pd_row[4].gen_pd_col[2].u_pd,464.24,320.32,526.96,374.08,495.6,347.2,26,hier_leaf_aggregate,200.4,325.88,237.9,363.38,276.45,2.57,OUTSIDE_TILE_REGION
4_3,4,3,u_core_gen_pd_row[4].gen_pd_col[3].u_pd,498.96,293.44,616.0,360.64,557.48,327.04,25,hier_leaf_aggregate,200.4,363.38,237.9,400.88,338.33,-55.09,OUTSIDE_TILE_REGION
4_4,4,4,u_core_gen_pd_row[4].gen_pd_col[4].u_pd,356.16,172.48,388.08,320.32,372.12,246.4,30,hier_leaf_aggregate,200.4,400.88,237.9,438.38,152.97,-173.23,OUTSIDE_TILE_REGION
4_5,4,5,u_core_gen_pd_row[4].gen_pd_col[5].u_pd,429.52,271.04,481.6,320.32,455.56,295.68,30,hier_leaf_aggregate,200.4,438.38,237.9,475.88,236.41,-161.45,OUTSIDE_TILE_REGION
4_6,4,6,u_core_gen_pd_row[4].gen_pd_col[6].u_pd,56.56,320.32,174.16,338.24,115.36,329.28,25,hier_leaf_aggregate,200.4,475.88,237.9,513.38,-103.79,-165.35,OUTSIDE_TILE_REGION
4_7,4,7,u_core_gen_pd_row[4].gen_pd_col[7].u_pd,138.32,297.92,217.28,356.16,177.8,327.04,24,hier_leaf_aggregate,200.4,513.38,237.9,550.88,-41.35,-205.09,OUTSIDE_TILE_REGION
5_0,5,0,u_core_gen_pd_row[5].gen_pd_col[0].u_pd,222.32,109.76,324.8,226.24,273.56,168.0,30,hier_leaf_aggregate,237.9,250.88,275.4,288.38,16.91,-101.63,OUTSIDE_TILE_REGION
5_1,5,1,u_core_gen_pd_row[5].gen_pd_col[1].u_pd,210.56,253.12,265.44,302.4,238.0,277.76,25,hier_leaf_aggregate,237.9,288.38,275.4,325.88,-18.65,-29.37,OK
5_2,5,2,u_core_gen_pd_row[5].gen_pd_col[2].u_pd,477.68,253.12,523.6,302.4,500.64,277.76,26,hier_leaf_aggregate,237.9,325.88,275.4,363.38,243.99,-66.87,OUTSIDE_TILE_REGION
5_3,5,3,u_core_gen_pd_row[5].gen_pd_col[3].u_pd,507.36,271.04,615.44,347.2,561.4,309.12,25,hier_leaf_aggregate,237.9,363.38,275.4,400.88,304.75,-73.01,OUTSIDE_TILE_REGION
5_4,5,4,u_core_gen_pd_row[5].gen_pd_col[4].u_pd,353.36,82.88,390.32,226.24,371.84,154.56,30,hier_leaf_aggregate,237.9,400.88,275.4,438.38,115.19,-265.07,OUTSIDE_TILE_REGION
5_5,5,5,u_core_gen_pd_row[5].gen_pd_col[5].u_pd,437.92,190.4,474.32,262.08,456.12,226.24,25,hier_leaf_aggregate,237.9,438.38,275.4,475.88,199.47,-230.89,OUTSIDE_TILE_REGION
5_6,5,6,u_core_gen_pd_row[5].gen_pd_col[6].u_pd,76.16,257.6,222.88,302.4,149.52,280.0,25,hier_leaf_aggregate,237.9,475.88,275.4,513.38,-107.13,-214.63,OUTSIDE_TILE_REGION
5_7,5,7,u_core_gen_pd_row[5].gen_pd_col[7].u_pd,154.56,266.56,233.52,293.44,194.04,280.0,25,hier_leaf_aggregate,237.9,513.38,275.4,550.88,-62.61,-252.13,OUTSIDE_TILE_REGION
6_0,6,0,u_core_gen_pd_row[6].gen_pd_col[0].u_pd,211.68,82.88,300.16,150.08,255.92,116.48,31,hier_leaf_aggregate,275.4,250.88,312.9,288.38,-38.23,-153.15,OUTSIDE_TILE_REGION
6_1,6,1,u_core_gen_pd_row[6].gen_pd_col[1].u_pd,216.16,226.24,264.32,271.04,240.24,248.64,25,hier_leaf_aggregate,275.4,288.38,312.9,325.88,-53.91,-58.49,OUTSIDE_TILE_REGION
6_2,6,2,u_core_gen_pd_row[6].gen_pd_col[2].u_pd,502.88,230.72,535.36,302.4,519.12,266.56,26,hier_leaf_aggregate,275.4,325.88,312.9,363.38,224.97,-78.07,OUTSIDE_TILE_REGION
6_3,6,3,u_core_gen_pd_row[6].gen_pd_col[3].u_pd,530.88,212.8,582.96,293.44,556.92,253.12,25,hier_leaf_aggregate,275.4,363.38,312.9,400.88,262.77,-129.01,OUTSIDE_TILE_REGION
6_4,6,4,u_core_gen_pd_row[6].gen_pd_col[4].u_pd,385.28,78.4,427.84,136.64,406.56,107.52,30,hier_leaf_aggregate,275.4,400.88,312.9,438.38,112.41,-312.11,OUTSIDE_TILE_REGION
6_5,6,5,u_core_gen_pd_row[6].gen_pd_col[5].u_pd,456.4,105.28,502.88,141.12,479.64,123.2,25,hier_leaf_aggregate,275.4,438.38,312.9,475.88,185.49,-333.93,OUTSIDE_TILE_REGION
6_6,6,6,u_core_gen_pd_row[6].gen_pd_col[6].u_pd,44.8,253.12,129.92,293.44,87.36,273.28,25,hier_leaf_aggregate,275.4,475.88,312.9,513.38,-206.79,-221.35,OUTSIDE_TILE_REGION
6_7,6,7,u_core_gen_pd_row[6].gen_pd_col[7].u_pd,121.52,262.08,155.68,311.36,138.6,286.72,25,hier_leaf_aggregate,275.4,513.38,312.9,550.88,-155.55,-245.41,OUTSIDE_TILE_REGION
7_0,7,0,u_core_gen_pd_row[7].gen_pd_col[0].u_pd,224.56,82.88,313.6,136.64,269.08,109.76,26,hier_leaf_aggregate,312.9,250.88,350.4,288.38,-62.57,-159.87,OUTSIDE_TILE_REGION
7_1,7,1,u_core_gen_pd_row[7].gen_pd_col[1].u_pd,180.88,212.8,274.4,257.6,227.64,235.2,31,hier_leaf_aggregate,312.9,288.38,350.4,325.88,-104.01,-71.93,OUTSIDE_TILE_REGION
7_2,7,2,u_core_gen_pd_row[7].gen_pd_col[2].u_pd,484.96,230.72,538.16,351.68,511.56,291.2,26,hier_leaf_aggregate,312.9,325.88,350.4,363.38,179.91,-53.43,OUTSIDE_TILE_REGION
7_3,7,3,u_core_gen_pd_row[7].gen_pd_col[3].u_pd,532.56,217.28,599.76,311.36,566.16,264.32,25,hier_leaf_aggregate,312.9,363.38,350.4,400.88,234.51,-117.81,OUTSIDE_TILE_REGION
7_4,7,4,u_core_gen_pd_row[7].gen_pd_col[4].u_pd,359.52,78.4,402.64,136.64,381.08,107.52,26,hier_leaf_aggregate,312.9,400.88,350.4,438.38,49.43,-312.11,OUTSIDE_TILE_REGION
7_5,7,5,u_core_gen_pd_row[7].gen_pd_col[5].u_pd,452.48,132.16,509.04,172.48,480.76,152.32,24,hier_leaf_aggregate,312.9,438.38,350.4,475.88,149.11,-304.81,OUTSIDE_TILE_REGION
7_6,7,6,u_core_gen_pd_row[7].gen_pd_col[6].u_pd,45.36,360.64,122.08,396.48,83.72,378.56,25,hier_leaf_aggregate,312.9,475.88,350.4,513.38,-247.93,-116.07,OUTSIDE_TILE_REGION
7_7,7,7,u_core_gen_pd_row[7].gen_pd_col[7].u_pd,117.04,365.12,182.56,396.48,149.8,380.8,31,hier_leaf_aggregate,312.9,513.38,350.4,550.88,-181.85,-151.33,OUTSIDE_TILE_REGION
