x_lo,x_hi,x_mid,count,mean,std,min,max,median,rmse,mae,p90_ae,p99_ae
20.0,519.6666666666667,269.83333333333337,1603875,-1999.9036365053387,378.07701594926584,-2705.0,-1254.0,,2035.327171776894,1999.9036365053387,2600.0,2700.0
519.6666666666667,1019.3333333333334,769.5,1602765,-2001.102869104329,442.6337688080616,-3100.0,-910.0,,2049.4724257196403,2001.102869104329,2600.0,3100.0
1019.3333333333334,1519.0,1269.1666666666667,1600920,-1900.2271069135247,362.9610863345419,-2705.0,-1046.0,,1934.5810207255324,1900.2271069135247,2300.0,2700.0
1519.0,2018.6666666666667,1768.8333333333335,1600545,-2068.8171404115474,439.3986260287881,-3100.0,-1046.0,,2114.9646314745355,2068.8171404115474,2600.0,3100.0
2018.6666666666667,2518.3333333333335,2268.5,1597950,-1800.4714947276198,354.6227365906352,-2705.0,-1046.0,,1835.062617442414,1800.4714947276198,2200.0,2700.0
2518.3333333333335,3018.0,2768.166666666667,1590405,-2136.1500372546616,386.4938314050427,-3100.0,-1081.0,,2170.8326442757084,2136.1500372546616,2700.0,3100.0
3018.0,3517.666666666667,3267.8333333333335,1593435,-1905.0962951108768,419.16186008250884,-3100.0,-1046.0,,1950.6635917887481,1905.0962951108768,2500.0,3100.0
3517.666666666667,4017.3333333333335,3767.5,1596585,-2020.1320881757001,380.25247097052255,-2705.0,-1381.0,,2055.608305293847,2020.1320881757001,2600.0,2700.0
4017.3333333333335,4517.0,4267.166666666667,1585800,-1989.3751229663262,439.36204694807736,-3100.0,-1046.0,,2037.3149649590164,1989.3751229663262,2600.0,3100.0
4517.0,5016.666666666667,4766.833333333334,1605240,-1919.484886995091,365.49732044630105,-2705.0,-1064.0,,1953.972988409985,1919.484886995091,2500.0,2700.0
5016.666666666667,5516.333333333334,5266.5,1595805,-2055.9769270054926,443.97409516675054,-3100.0,-1046.0,,2103.3672998405696,2055.9769270054926,2600.0,3100.0
5516.333333333334,6016.0,5766.166666666667,1599615,-1820.0916157950508,356.13787317818,-2705.0,-1046.0,,1854.607126943297,1820.0916157950508,2300.0,2700.0
6016.0,6515.666666666667,6265.833333333334,1603155,-2122.075211068175,400.72607694994923,-3100.0,-1081.0,,2159.5797021670405,2122.075211068175,2700.0,3100.0
6515.666666666667,7015.333333333334,6765.5,1598190,-1886.0196941540116,413.42836021225935,-3100.0,-919.0,,1930.8011779612948,1886.0196941540116,2500.0,3100.0
7015.333333333334,7515.0,7265.166666666667,1596150,-2041.0230147542525,380.84234886712585,-2705.0,-1273.0,,2076.25040652084,2041.0230147542525,2600.0,2700.0
7515.0,8014.666666666667,7764.833333333334,1596075,-1973.6219162633336,435.251735512777,-3100.0,-1046.0,,2021.0461209304751,1973.6219162633336,2600.0,3100.0
8014.666666666667,8514.333333333334,8264.5,1595970,-1937.575897416618,367.52579670989127,-2705.0,-1086.0,,1972.1246119000368,1937.575897416618,2600.0,2700.0
8514.333333333334,9014.0,8764.166666666668,1603605,-2042.5701965259525,447.0089930148455,-3100.0,-1046.0,,2090.9112661629893,2042.5701965259525,2600.0,3100.0
9014.0,9513.666666666668,9263.833333333334,1598475,-1838.4195060917436,357.2133850217553,-2705.0,-954.0,,1872.80207256142,1838.4195060917436,2300.0,2700.0
9513.666666666668,10013.333333333334,9763.5,1607205,-2109.4855230042217,412.7181724721843,-3100.0,-1046.0,,2149.480252449472,2109.4855230042217,2700.0,3100.0
10013.333333333334,10513.0,10263.166666666668,1607895,-1868.5042680025747,406.607569454265,-3100.0,-1046.0,,1912.2337232298883,1868.5042680025747,2400.0,3100.0
10513.0,11012.666666666668,10762.833333333334,1594995,-2061.4001548594197,380.92904084172125,-3017.0,-1381.0,,2096.3008948227384,2061.4001548594197,2600.0,2700.0
11012.666666666668,11512.333333333334,11262.5,1599000,-1957.454449656035,431.2428662833674,-3100.0,-1046.0,,2004.3947255703674,1957.454449656035,2600.0,3100.0
11512.333333333334,12012.0,11762.166666666668,1590855,-1955.9725304946082,370.6436937903368,-2705.0,-1109.0,,1990.7800484840086,1955.9725304946082,2600.0,2700.0
12012.0,12511.666666666668,12261.833333333334,1603845,-2029.7745511567514,447.32358380162293,-3100.0,-1046.0,,2078.4809338521836,2029.7745511567514,2600.0,3100.0
12511.666666666668,13011.333333333334,12761.5,1595415,-1857.1194234728896,359.01510487883024,-2705.0,-1046.0,,1891.5031900006197,1857.1194234728896,2300.0,2700.0
13011.333333333334,13511.0,13261.166666666668,1595475,-2097.1813879879032,423.2703097134189,-3100.0,-1046.0,,2139.4689567545943,2097.1813879879032,2700.0,3100.0
13511.0,14010.666666666668,13760.833333333334,1604235,-1846.832530770118,394.2819043873445,-3100.0,-938.0,,1888.4513549290002,1846.832530770118,2300.0,3100.0
14010.666666666668,14510.333333333334,14260.5,1606275,-2083.009571835458,381.56367859972534,-3039.0,-1292.0,,2117.6684411271494,2083.009571835458,2600.0,2700.0
14510.333333333334,15010.0,14760.166666666668,1607490,-1944.7366111142217,428.04409737561605,-3100.0,-1046.0,,1991.286549426302,1944.7366111142217,2500.0,3100.0
15010.0,15509.666666666668,15259.833333333334,1605810,-1975.3705232873128,373.66271033814263,-2705.0,-1381.0,,2010.4010640716658,1975.3705232873128,2600.0,2700.0
15509.666666666668,16009.333333333334,15759.5,1599555,-2019.1666275932994,446.71061360711894,-3100.0,-1046.0,,2067.9903572168964,2019.1666275932994,2600.0,3100.0
16009.333333333334,16509.0,16259.166666666668,1587015,-1875.5931197877776,360.156934104269,-2705.0,-891.0,,1909.8592844617317,1875.5931197877776,2300.0,2700.0
16509.0,17008.666666666668,16758.833333333336,1603890,-2083.7857646097923,431.726879203286,-3100.0,-1046.0,,2128.039260635715,2083.7857646097923,2600.0,3100.0
17008.666666666668,17508.333333333336,17258.5,1598655,-1827.0880521438335,379.2985088829605,-3100.0,-1046.0,,1866.0434129823548,1827.0880521438335,2300.0,2800.0
17508.333333333336,18008.0,17758.166666666668,1597785,-2106.182533945431,383.63812916318534,-3071.0,-1381.0,,2140.836983128496,2106.182533945431,2700.0,2800.0
18008.0,18507.666666666668,18257.833333333336,1597500,-1929.1233771517998,424.68304533805156,-3100.0,-1046.0,,1975.315817881398,1929.1233771517998,2500.0,3100.0
18507.666666666668,19007.333333333336,18757.5,1598130,-1993.4747705130371,377.19026503985646,-2705.0,-1272.0,,2028.845501187433,1993.4747705130371,2600.0,2700.0
19007.333333333336,19507.0,19257.166666666668,1593375,-2006.9256766297951,443.58535586373046,-3100.0,-1046.0,,2055.3633537555843,2006.9256766297951,2600.0,3100.0
19507.0,20006.666666666668,19756.833333333336,1605360,-1894.764270942343,362.41096568641353,-2705.0,-1046.0,,1929.112041503795,1894.764270942343,2300.0,2700.0
20006.666666666668,20506.333333333336,20256.5,1606650,-2073.40586313136,438.02737536121623,-3100.0,-1046.0,,2119.169586279539,2073.40586313136,2600.0,3100.0
20506.333333333336,21006.0,20756.166666666668,1593750,-1805.0208125490196,359.41764563112656,-3100.0,-1046.0,,1840.4567630540448,1805.0208125490196,2200.0,2700.0
21006.0,21505.666666666668,21255.833333333336,1605915,-2129.083575407167,385.7955302725932,-3094.0,-1381.0,,2163.7548312056147,2129.083575407167,2700.0,3100.0
21505.666666666668,22005.333333333336,21755.5,1608030,-1912.7874604329522,420.38078990358906,-3100.0,-1046.0,,1958.437072619658,1912.7874604329522,2500.0,3100.0
22005.333333333336,22505.0,22255.166666666668,1597635,-2012.3125369687068,379.71526096827665,-2705.0,-1381.0,,2047.8245373091518,2012.3125369687068,2600.0,2700.0
22505.0,23004.666666666668,22754.833333333336,1601445,-1994.0999690904152,440.26523894298066,-3100.0,-1046.0,,2042.1234160332476,1994.0999690904152,2600.0,3100.0
23004.666666666668,23504.333333333336,23254.5,1600545,-1912.2276443336489,364.61852994934344,-2705.0,-1056.0,,1946.6795198678337,1912.2276443336489,2500.0,2700.0
23504.333333333336,24004.0,23754.166666666668,1600785,-2061.222112900858,442.3260717405728,-3100.0,-910.0,,2108.1481993043485,2061.222112900858,2600.0,3100.0
24004.0,24503.666666666668,24253.833333333336,1600215,-1813.8812940761086,355.5999194824073,-2705.0,-1046.0,,1848.4092005596776,1813.8812940761086,2200.0,2700.0
24503.666666666668,25003.333333333336,24753.5,1596900,-2125.3890193499906,396.66585805103443,-3100.0,-1081.0,,2162.0874607624223,2125.3890193499906,2700.0,3100.0
25003.333333333336,25503.0,25253.166666666668,1605270,-1892.9397297650862,415.62776377796195,-3100.0,-1046.0,,1938.0317724263734,1892.9397297650862,2500.0,3100.0
25503.0,26002.666666666668,25752.833333333336,1600080,-2033.0479757262137,380.67039147759994,-2705.0,-1289.0,,2068.3795415706413,2033.0479757262137,2600.0,2700.0
26002.666666666668,26502.333333333336,26252.5,1605705,-1978.4930731360992,437.1330195150998,-3100.0,-945.0,,2026.2082810495913,1978.4930731360992,2600.0,3100.0
26502.333333333336,27002.0,26752.166666666668,1591995,-1931.553085907933,366.3709741540088,-2705.0,-1079.0,,1965.992098170508,1931.553085907933,2600.0,2700.0
27002.0,27501.666666666668,27251.833333333336,1607910,-2045.0998159100945,446.7637839179071,-3100.0,-1046.0,,2093.330124830092,2045.0998159100945,2600.0,3100.0
27501.666666666668,28001.333333333336,27751.5,1599975,-1831.6537320895638,356.7768634802085,-2705.0,-1046.0,,1866.0774488308566,1831.6537320895638,2300.0,2700.0
28001.333333333336,28501.0,28251.166666666668,1605060,-2114.706733704659,408.41274045593417,-3100.0,-1081.0,,2153.783979934061,2114.706733704659,2700.0,3100.0
28501.0,29000.666666666668,28750.833333333336,1600380,-1875.0536497581825,410.0585968200237,-3100.0,-1046.0,,1919.3681609399246,1875.0536497581825,2400.0,3100.0
29000.666666666668,29500.333333333336,29250.5,1604790,-2053.720542874769,380.2385290917435,-2705.0,-1381.0,,2088.623785447745,2053.720542874769,2600.0,2700.0
29500.333333333336,30000.0,29750.166666666668,1599045,-1965.5859309775522,432.8397407270317,-3100.0,-919.0,,2012.679352516367,1965.5859309775522,2600.0,3100.0
