expected_inst_term	current_inst_term	pointer	instance	master	pin	net	readback_status
u_rst_core_sync/sync_q_reg[0]/D	u_rst_core_sync/sync_q_reg[0]/D	0x7f4b23a58960	{u_rst_core_sync/sync_q_reg[0]}	DFRRQJIHDX1	D	u_rst_core_sync/MPTDC_TIE1_LTIEHI_NET	PASS
u_core_gen_pd_row[0].gen_pd_col[0].u_pd/nfast_hit_latched_reg[0]/SN	u_core_gen_pd_row[0].gen_pd_col[0].u_pd/nfast_hit_latched_reg[0]/SN	0x7f4b23a59d40	{u_core_gen_pd_row[0].gen_pd_col[0].u_pd/nfast_hit_latched_reg[0]}	DFRSJIHDX2	SN	u_core_gen_pd_row[0].gen_pd_col[0].u_pd/MPTDC_TIE1_LTIEHI_NET	PASS
u_core_gen_pd_row[0].gen_pd_col[1].u_pd/nfast_hit_latched_reg[0]/SN	u_core_gen_pd_row[0].gen_pd_col[1].u_pd/nfast_hit_latched_reg[0]/SN	0x7f4b23a5b0c0	{u_core_gen_pd_row[0].gen_pd_col[1].u_pd/nfast_hit_latched_reg[0]}	DFRSJIHDX1	SN	u_core_gen_pd_row[0].gen_pd_col[1].u_pd/MPTDC_TIE1_LTIEHI_NET	PASS
u_core_gen_pd_row[0].gen_pd_col[2].u_pd/nfast_hit_latched_reg[0]/SN	u_core_gen_pd_row[0].gen_pd_col[2].u_pd/nfast_hit_latched_reg[0]/SN	0x7f4b23a5b360	{u_core_gen_pd_row[0].gen_pd_col[2].u_pd/nfast_hit_latched_reg[0]}	DFRSQJIHDX1	SN	u_core_gen_pd_row[0].gen_pd_col[2].u_pd/MPTDC_TIE1_LTIEHI_NET	PASS
u_core_gen_pd_row[0].gen_pd_col[3].u_pd/nfast_hit_latched_reg[0]/SN	u_core_gen_pd_row[0].gen_pd_col[3].u_pd/nfast_hit_latched_reg[0]/SN	0x7f4b23a5d9d0	{u_core_gen_pd_row[0].gen_pd_col[3].u_pd/nfast_hit_latched_reg[0]}	DFRSJIHDX2	SN	u_core_gen_pd_row[0].gen_pd_col[3].u_pd/MPTDC_TIE1_LTIEHI_NET	PASS
u_core_gen_pd_row[0].gen_pd_col[4].u_pd/nfast_hit_latched_reg[0]/SN	u_core_gen_pd_row[0].gen_pd_col[4].u_pd/nfast_hit_latched_reg[0]/SN	0x7f4b23a5e000	{u_core_gen_pd_row[0].gen_pd_col[4].u_pd/nfast_hit_latched_reg[0]}	DFRSQJIHDX4	SN	u_core_gen_pd_row[0].gen_pd_col[4].u_pd/MPTDC_TIE1_LTIEHI_NET	PASS
u_core_gen_pd_row[0].gen_pd_col[5].u_pd/nfast_hit_latched_reg[0]/SN	u_core_gen_pd_row[0].gen_pd_col[5].u_pd/nfast_hit_latched_reg[0]/SN	0x7f4b23a60160	{u_core_gen_pd_row[0].gen_pd_col[5].u_pd/nfast_hit_latched_reg[0]}	DFRSJIHDX2	SN	u_core_gen_pd_row[0].gen_pd_col[5].u_pd/MPTDC_TIE1_LTIEHI_NET	PASS
u_core_gen_pd_row[0].gen_pd_col[6].u_pd/nfast_hit_latched_reg[0]/SN	u_core_gen_pd_row[0].gen_pd_col[6].u_pd/nfast_hit_latched_reg[0]/SN	0x7f4b23a60520	{u_core_gen_pd_row[0].gen_pd_col[6].u_pd/nfast_hit_latched_reg[0]}	DFRSQJIHDX2	SN	u_core_gen_pd_row[0].gen_pd_col[6].u_pd/MPTDC_TIE1_LTIEHI_NET	PASS
u_core_gen_pd_row[0].gen_pd_col[7].u_pd/nfast_hit_latched_reg[0]/SN	u_core_gen_pd_row[0].gen_pd_col[7].u_pd/nfast_hit_latched_reg[0]/SN	0x7f4b23a62950	{u_core_gen_pd_row[0].gen_pd_col[7].u_pd/nfast_hit_latched_reg[0]}	DFRSJIHDX1	SN	u_core_gen_pd_row[0].gen_pd_col[7].u_pd/MPTDC_TIE1_LTIEHI_NET	PASS
u_core_gen_pd_row[1].gen_pd_col[0].u_pd/nfast_hit_latched_reg[0]/SN	u_core_gen_pd_row[1].gen_pd_col[0].u_pd/nfast_hit_latched_reg[0]/SN	0x7f4b23a63c70	{u_core_gen_pd_row[1].gen_pd_col[0].u_pd/nfast_hit_latched_reg[0]}	DFRSJIHDX1	SN	u_core_gen_pd_row[1].gen_pd_col[0].u_pd/MPTDC_TIE1_LTIEHI_NET	PASS
u_core_gen_pd_row[1].gen_pd_col[1].u_pd/nfast_hit_latched_reg[0]/SN	u_core_gen_pd_row[1].gen_pd_col[1].u_pd/nfast_hit_latched_reg[0]/SN	0x7f4b23a64090	{u_core_gen_pd_row[1].gen_pd_col[1].u_pd/nfast_hit_latched_reg[0]}	DFRSQJIHDX4	SN	u_core_gen_pd_row[1].gen_pd_col[1].u_pd/MPTDC_TIE1_LTIEHI_NET	PASS
u_core_gen_pd_row[1].gen_pd_col[2].u_pd/nfast_hit_latched_reg[0]/SN	u_core_gen_pd_row[1].gen_pd_col[2].u_pd/nfast_hit_latched_reg[0]/SN	0x7f4b23a653e0	{u_core_gen_pd_row[1].gen_pd_col[2].u_pd/nfast_hit_latched_reg[0]}	DFRSQJIHDX4	SN	u_core_gen_pd_row[1].gen_pd_col[2].u_pd/MPTDC_TIE1_LTIEHI_NET	PASS
u_core_gen_pd_row[1].gen_pd_col[3].u_pd/nfast_hit_latched_reg[0]/SN	u_core_gen_pd_row[1].gen_pd_col[3].u_pd/nfast_hit_latched_reg[0]/SN	0x7f4b23a679f0	{u_core_gen_pd_row[1].gen_pd_col[3].u_pd/nfast_hit_latched_reg[0]}	DFRSJIHDX2	SN	u_core_gen_pd_row[1].gen_pd_col[3].u_pd/MPTDC_TIE1_LTIEHI_NET	PASS
u_core_gen_pd_row[1].gen_pd_col[4].u_pd/nfast_hit_latched_reg[0]/SN	u_core_gen_pd_row[1].gen_pd_col[4].u_pd/nfast_hit_latched_reg[0]/SN	0x7f4b23a68dd0	{u_core_gen_pd_row[1].gen_pd_col[4].u_pd/nfast_hit_latched_reg[0]}	DFRSJIHDX2	SN	u_core_gen_pd_row[1].gen_pd_col[4].u_pd/MPTDC_TIE1_LTIEHI_NET	PASS
u_core_gen_pd_row[1].gen_pd_col[5].u_pd/nfast_hit_latched_reg[0]/SN	u_core_gen_pd_row[1].gen_pd_col[5].u_pd/nfast_hit_latched_reg[0]/SN	0x7f4b23a6a0f0	{u_core_gen_pd_row[1].gen_pd_col[5].u_pd/nfast_hit_latched_reg[0]}	DFRSJIHDX2	SN	u_core_gen_pd_row[1].gen_pd_col[5].u_pd/MPTDC_TIE1_LTIEHI_NET	PASS
u_core_gen_pd_row[1].gen_pd_col[6].u_pd/nfast_hit_latched_reg[0]/SN	u_core_gen_pd_row[1].gen_pd_col[6].u_pd/nfast_hit_latched_reg[0]/SN	0x7f4b23a6b470	{u_core_gen_pd_row[1].gen_pd_col[6].u_pd/nfast_hit_latched_reg[0]}	DFRSJIHDX1	SN	u_core_gen_pd_row[1].gen_pd_col[6].u_pd/MPTDC_TIE1_LTIEHI_NET	PASS
u_core_gen_pd_row[1].gen_pd_col[7].u_pd/nfast_hit_latched_reg[0]/SN	u_core_gen_pd_row[1].gen_pd_col[7].u_pd/nfast_hit_latched_reg[0]/SN	0x7f4b23a6b8c0	{u_core_gen_pd_row[1].gen_pd_col[7].u_pd/nfast_hit_latched_reg[0]}	DFRSQJIHDX1	SN	u_core_gen_pd_row[1].gen_pd_col[7].u_pd/MPTDC_TIE1_LTIEHI_NET	PASS
u_core_gen_pd_row[2].gen_pd_col[0].u_pd/nfast_hit_latched_reg[0]/SN	u_core_gen_pd_row[2].gen_pd_col[0].u_pd/nfast_hit_latched_reg[0]/SN	0x7f4b23a6dc60	{u_core_gen_pd_row[2].gen_pd_col[0].u_pd/nfast_hit_latched_reg[0]}	DFRSJIHDX1	SN	u_core_gen_pd_row[2].gen_pd_col[0].u_pd/MPTDC_TIE1_LTIEHI_NET	PASS
u_core_gen_pd_row[2].gen_pd_col[1].u_pd/nfast_hit_latched_reg[0]/SN	u_core_gen_pd_row[2].gen_pd_col[1].u_pd/nfast_hit_latched_reg[0]/SN	0x7f4b23a6ef80	{u_core_gen_pd_row[2].gen_pd_col[1].u_pd/nfast_hit_latched_reg[0]}	DFRSJIHDX2	SN	u_core_gen_pd_row[2].gen_pd_col[1].u_pd/MPTDC_TIE1_LTIEHI_NET	PASS
u_core_gen_pd_row[2].gen_pd_col[2].u_pd/nfast_hit_latched_reg[0]/SN	u_core_gen_pd_row[2].gen_pd_col[2].u_pd/nfast_hit_latched_reg[0]/SN	0x7f4b23a6f310	{u_core_gen_pd_row[2].gen_pd_col[2].u_pd/nfast_hit_latched_reg[0]}	DFRSQJIHDX4	SN	u_core_gen_pd_row[2].gen_pd_col[2].u_pd/MPTDC_TIE1_LTIEHI_NET	PASS
u_core_gen_pd_row[2].gen_pd_col[3].u_pd/nfast_hit_latched_reg[0]/SN	u_core_gen_pd_row[2].gen_pd_col[3].u_pd/nfast_hit_latched_reg[0]/SN	0x7f4b23a716e0	{u_core_gen_pd_row[2].gen_pd_col[3].u_pd/nfast_hit_latched_reg[0]}	DFRSJIHDX2	SN	u_core_gen_pd_row[2].gen_pd_col[3].u_pd/MPTDC_TIE1_LTIEHI_NET	PASS
u_core_gen_pd_row[2].gen_pd_col[4].u_pd/nfast_hit_latched_reg[0]/SN	u_core_gen_pd_row[2].gen_pd_col[4].u_pd/nfast_hit_latched_reg[0]/SN	0x7f4b23a71b30	{u_core_gen_pd_row[2].gen_pd_col[4].u_pd/nfast_hit_latched_reg[0]}	DFRSQJIHDX4	SN	u_core_gen_pd_row[2].gen_pd_col[4].u_pd/MPTDC_TIE1_LTIEHI_NET	PASS
u_core_gen_pd_row[2].gen_pd_col[5].u_pd/nfast_hit_latched_reg[0]/SN	u_core_gen_pd_row[2].gen_pd_col[5].u_pd/nfast_hit_latched_reg[0]/SN	0x7f4b23a73e70	{u_core_gen_pd_row[2].gen_pd_col[5].u_pd/nfast_hit_latched_reg[0]}	DFRSJIHDX2	SN	u_core_gen_pd_row[2].gen_pd_col[5].u_pd/MPTDC_TIE1_LTIEHI_NET	PASS
u_core_gen_pd_row[2].gen_pd_col[6].u_pd/nfast_hit_latched_reg[0]/SN	u_core_gen_pd_row[2].gen_pd_col[6].u_pd/nfast_hit_latched_reg[0]/SN	0x7f4b23a743e0	{u_core_gen_pd_row[2].gen_pd_col[6].u_pd/nfast_hit_latched_reg[0]}	DFRSQJIHDX4	SN	u_core_gen_pd_row[2].gen_pd_col[6].u_pd/MPTDC_TIE1_LTIEHI_NET	PASS
u_core_gen_pd_row[2].gen_pd_col[7].u_pd/nfast_hit_latched_reg[0]/SN	u_core_gen_pd_row[2].gen_pd_col[7].u_pd/nfast_hit_latched_reg[0]/SN	0x7f4b23a767e0	{u_core_gen_pd_row[2].gen_pd_col[7].u_pd/nfast_hit_latched_reg[0]}	DFRSJIHDX1	SN	u_core_gen_pd_row[2].gen_pd_col[7].u_pd/MPTDC_TIE1_LTIEHI_NET	PASS
u_core_gen_pd_row[3].gen_pd_col[0].u_pd/nfast_hit_latched_reg[0]/SN	u_core_gen_pd_row[3].gen_pd_col[0].u_pd/nfast_hit_latched_reg[0]/SN	0x7f4b23a77b00	{u_core_gen_pd_row[3].gen_pd_col[0].u_pd/nfast_hit_latched_reg[0]}	DFRSJIHDX1	SN	u_core_gen_pd_row[3].gen_pd_col[0].u_pd/MPTDC_TIE1_LTIEHI_NET	PASS
u_core_gen_pd_row[3].gen_pd_col[1].u_pd/nfast_hit_latched_reg[0]/SN	u_core_gen_pd_row[3].gen_pd_col[1].u_pd/nfast_hit_latched_reg[0]/SN	0x7f4b23a78e20	{u_core_gen_pd_row[3].gen_pd_col[1].u_pd/nfast_hit_latched_reg[0]}	DFRSJIHDX2	SN	u_core_gen_pd_row[3].gen_pd_col[1].u_pd/MPTDC_TIE1_LTIEHI_NET	PASS
u_core_gen_pd_row[3].gen_pd_col[2].u_pd/nfast_hit_latched_reg[0]/SN	u_core_gen_pd_row[3].gen_pd_col[2].u_pd/nfast_hit_latched_reg[0]/SN	0x7f4b23a79060	{u_core_gen_pd_row[3].gen_pd_col[2].u_pd/nfast_hit_latched_reg[0]}	DFRSQJIHDX4	SN	u_core_gen_pd_row[3].gen_pd_col[2].u_pd/MPTDC_TIE1_LTIEHI_NET	PASS
u_core_gen_pd_row[3].gen_pd_col[3].u_pd/nfast_hit_latched_reg[0]/SN	u_core_gen_pd_row[3].gen_pd_col[3].u_pd/nfast_hit_latched_reg[0]/SN	0x7f4b23a7b430	{u_core_gen_pd_row[3].gen_pd_col[3].u_pd/nfast_hit_latched_reg[0]}	DFRSJIHDX1	SN	u_core_gen_pd_row[3].gen_pd_col[3].u_pd/MPTDC_TIE1_LTIEHI_NET	PASS
u_core_gen_pd_row[3].gen_pd_col[4].u_pd/nfast_hit_latched_reg[0]/SN	u_core_gen_pd_row[3].gen_pd_col[4].u_pd/nfast_hit_latched_reg[0]/SN	0x7f4b23a7b880	{u_core_gen_pd_row[3].gen_pd_col[4].u_pd/nfast_hit_latched_reg[0]}	DFRSQJIHDX4	SN	u_core_gen_pd_row[3].gen_pd_col[4].u_pd/MPTDC_TIE1_LTIEHI_NET	PASS
u_core_gen_pd_row[3].gen_pd_col[5].u_pd/nfast_hit_latched_reg[0]/SN	u_core_gen_pd_row[3].gen_pd_col[5].u_pd/nfast_hit_latched_reg[0]/SN	0x7f4b23a7dbc0	{u_core_gen_pd_row[3].gen_pd_col[5].u_pd/nfast_hit_latched_reg[0]}	DFRSJIHDX2	SN	u_core_gen_pd_row[3].gen_pd_col[5].u_pd/MPTDC_TIE1_LTIEHI_NET	PASS
u_core_gen_pd_row[3].gen_pd_col[6].u_pd/nfast_hit_latched_reg[0]/SN	u_core_gen_pd_row[3].gen_pd_col[6].u_pd/nfast_hit_latched_reg[0]/SN	0x7f4b23a7dfe0	{u_core_gen_pd_row[3].gen_pd_col[6].u_pd/nfast_hit_latched_reg[0]}	DFRSQJIHDX1	SN	u_core_gen_pd_row[3].gen_pd_col[6].u_pd/MPTDC_TIE1_LTIEHI_NET	PASS
u_core_gen_pd_row[3].gen_pd_col[7].u_pd/nfast_hit_latched_reg[0]/SN	u_core_gen_pd_row[3].gen_pd_col[7].u_pd/nfast_hit_latched_reg[0]/SN	0x7f4b23a802f0	{u_core_gen_pd_row[3].gen_pd_col[7].u_pd/nfast_hit_latched_reg[0]}	DFRSJIHDX1	SN	u_core_gen_pd_row[3].gen_pd_col[7].u_pd/MPTDC_TIE1_LTIEHI_NET	PASS
u_core_gen_pd_row[4].gen_pd_col[0].u_pd/nfast_hit_latched_reg[0]/SN	u_core_gen_pd_row[4].gen_pd_col[0].u_pd/nfast_hit_latched_reg[0]/SN	0x7f4b23a806b0	{u_core_gen_pd_row[4].gen_pd_col[0].u_pd/nfast_hit_latched_reg[0]}	DFRSQJIHDX4	SN	u_core_gen_pd_row[4].gen_pd_col[0].u_pd/MPTDC_TIE1_LTIEHI_NET	PASS
u_core_gen_pd_row[4].gen_pd_col[1].u_pd/nfast_hit_latched_reg[0]/SN	u_core_gen_pd_row[4].gen_pd_col[1].u_pd/nfast_hit_latched_reg[0]/SN	0x7f4b23a81a60	{u_core_gen_pd_row[4].gen_pd_col[1].u_pd/nfast_hit_latched_reg[0]}	DFRSQJIHDX4	SN	u_core_gen_pd_row[4].gen_pd_col[1].u_pd/MPTDC_TIE1_LTIEHI_NET	PASS
u_core_gen_pd_row[4].gen_pd_col[2].u_pd/nfast_hit_latched_reg[0]/SN	u_core_gen_pd_row[4].gen_pd_col[2].u_pd/nfast_hit_latched_reg[0]/SN	0x7f4b23a82e70	{u_core_gen_pd_row[4].gen_pd_col[2].u_pd/nfast_hit_latched_reg[0]}	DFRSQJIHDX4	SN	u_core_gen_pd_row[4].gen_pd_col[2].u_pd/MPTDC_TIE1_LTIEHI_NET	PASS
u_core_gen_pd_row[4].gen_pd_col[3].u_pd/nfast_hit_latched_reg[0]/SN	u_core_gen_pd_row[4].gen_pd_col[3].u_pd/nfast_hit_latched_reg[0]/SN	0x7f4b23a85300	{u_core_gen_pd_row[4].gen_pd_col[3].u_pd/nfast_hit_latched_reg[0]}	DFRSJIHDX2	SN	u_core_gen_pd_row[4].gen_pd_col[3].u_pd/MPTDC_TIE1_LTIEHI_NET	PASS
u_core_gen_pd_row[4].gen_pd_col[4].u_pd/nfast_hit_latched_reg[0]/SN	u_core_gen_pd_row[4].gen_pd_col[4].u_pd/nfast_hit_latched_reg[0]/SN	0x7f4b23a859c0	{u_core_gen_pd_row[4].gen_pd_col[4].u_pd/nfast_hit_latched_reg[0]}	DFRSQJIHDX4	SN	u_core_gen_pd_row[4].gen_pd_col[4].u_pd/MPTDC_TIE1_LTIEHI_NET	PASS
u_core_gen_pd_row[4].gen_pd_col[5].u_pd/nfast_hit_latched_reg[0]/SN	u_core_gen_pd_row[4].gen_pd_col[5].u_pd/nfast_hit_latched_reg[0]/SN	0x7f4b23a86b90	{u_core_gen_pd_row[4].gen_pd_col[5].u_pd/nfast_hit_latched_reg[0]}	DFRSQJIHDX1	SN	u_core_gen_pd_row[4].gen_pd_col[5].u_pd/MPTDC_TIE1_LTIEHI_NET	PASS
u_core_gen_pd_row[4].gen_pd_col[6].u_pd/nfast_hit_latched_reg[0]/SN	u_core_gen_pd_row[4].gen_pd_col[6].u_pd/nfast_hit_latched_reg[0]/SN	0x7f4b23a88fc0	{u_core_gen_pd_row[4].gen_pd_col[6].u_pd/nfast_hit_latched_reg[0]}	DFRSJIHDX1	SN	u_core_gen_pd_row[4].gen_pd_col[6].u_pd/MPTDC_TIE1_LTIEHI_NET	PASS
u_core_gen_pd_row[4].gen_pd_col[7].u_pd/nfast_hit_latched_reg[0]/SN	u_core_gen_pd_row[4].gen_pd_col[7].u_pd/nfast_hit_latched_reg[0]/SN	0x7f4b23a8a280	{u_core_gen_pd_row[4].gen_pd_col[7].u_pd/nfast_hit_latched_reg[0]}	DFRSJIHDX1	SN	u_core_gen_pd_row[4].gen_pd_col[7].u_pd/MPTDC_TIE1_LTIEHI_NET	PASS
u_core_gen_pd_row[5].gen_pd_col[0].u_pd/nfast_hit_latched_reg[0]/SN	u_core_gen_pd_row[5].gen_pd_col[0].u_pd/nfast_hit_latched_reg[0]/SN	0x7f4b23a8a610	{u_core_gen_pd_row[5].gen_pd_col[0].u_pd/nfast_hit_latched_reg[0]}	DFRSQJIHDX4	SN	u_core_gen_pd_row[5].gen_pd_col[0].u_pd/MPTDC_TIE1_LTIEHI_NET	PASS
u_core_gen_pd_row[5].gen_pd_col[1].u_pd/nfast_hit_latched_reg[0]/SN	u_core_gen_pd_row[5].gen_pd_col[1].u_pd/nfast_hit_latched_reg[0]/SN	0x7f4b23a8ca10	{u_core_gen_pd_row[5].gen_pd_col[1].u_pd/nfast_hit_latched_reg[0]}	DFRSJIHDX1	SN	u_core_gen_pd_row[5].gen_pd_col[1].u_pd/MPTDC_TIE1_LTIEHI_NET	PASS
u_core_gen_pd_row[5].gen_pd_col[2].u_pd/nfast_hit_latched_reg[0]/SN	u_core_gen_pd_row[5].gen_pd_col[2].u_pd/nfast_hit_latched_reg[0]/SN	0x7f4b23a8cd40	{u_core_gen_pd_row[5].gen_pd_col[2].u_pd/nfast_hit_latched_reg[0]}	DFRSQJIHDX4	SN	u_core_gen_pd_row[5].gen_pd_col[2].u_pd/MPTDC_TIE1_LTIEHI_NET	PASS
u_core_gen_pd_row[5].gen_pd_col[3].u_pd/nfast_hit_latched_reg[0]/SN	u_core_gen_pd_row[5].gen_pd_col[3].u_pd/nfast_hit_latched_reg[0]/SN	0x7f4b23a8f020	{u_core_gen_pd_row[5].gen_pd_col[3].u_pd/nfast_hit_latched_reg[0]}	DFRSJIHDX1	SN	u_core_gen_pd_row[5].gen_pd_col[3].u_pd/MPTDC_TIE1_LTIEHI_NET	PASS
u_core_gen_pd_row[5].gen_pd_col[4].u_pd/nfast_hit_latched_reg[0]/SN	u_core_gen_pd_row[5].gen_pd_col[4].u_pd/nfast_hit_latched_reg[0]/SN	0x7f4b23a8f3b0	{u_core_gen_pd_row[5].gen_pd_col[4].u_pd/nfast_hit_latched_reg[0]}	DFRSQJIHDX2	SN	u_core_gen_pd_row[5].gen_pd_col[4].u_pd/MPTDC_TIE1_LTIEHI_NET	PASS
u_core_gen_pd_row[5].gen_pd_col[5].u_pd/nfast_hit_latched_reg[0]/SN	u_core_gen_pd_row[5].gen_pd_col[5].u_pd/nfast_hit_latched_reg[0]/SN	0x7f4b23a91750	{u_core_gen_pd_row[5].gen_pd_col[5].u_pd/nfast_hit_latched_reg[0]}	DFRSJIHDX1	SN	u_core_gen_pd_row[5].gen_pd_col[5].u_pd/MPTDC_TIE1_LTIEHI_NET	PASS
u_core_gen_pd_row[5].gen_pd_col[6].u_pd/nfast_hit_latched_reg[0]/SN	u_core_gen_pd_row[5].gen_pd_col[6].u_pd/nfast_hit_latched_reg[0]/SN	0x7f4b23a92a70	{u_core_gen_pd_row[5].gen_pd_col[6].u_pd/nfast_hit_latched_reg[0]}	DFRSJIHDX2	SN	u_core_gen_pd_row[5].gen_pd_col[6].u_pd/MPTDC_TIE1_LTIEHI_NET	PASS
u_core_gen_pd_row[5].gen_pd_col[7].u_pd/nfast_hit_latched_reg[0]/SN	u_core_gen_pd_row[5].gen_pd_col[7].u_pd/nfast_hit_latched_reg[0]/SN	0x7f4b23a93d90	{u_core_gen_pd_row[5].gen_pd_col[7].u_pd/nfast_hit_latched_reg[0]}	DFRSJIHDX1	SN	u_core_gen_pd_row[5].gen_pd_col[7].u_pd/MPTDC_TIE1_LTIEHI_NET	PASS
u_core_gen_pd_row[6].gen_pd_col[0].u_pd/nfast_hit_latched_reg[0]/SN	u_core_gen_pd_row[6].gen_pd_col[0].u_pd/nfast_hit_latched_reg[0]/SN	0x7f4b23a94330	{u_core_gen_pd_row[6].gen_pd_col[0].u_pd/nfast_hit_latched_reg[0]}	DFRSQJIHDX4	SN	u_core_gen_pd_row[6].gen_pd_col[0].u_pd/MPTDC_TIE1_LTIEHI_NET	PASS
u_core_gen_pd_row[6].gen_pd_col[1].u_pd/nfast_hit_latched_reg[0]/SN	u_core_gen_pd_row[6].gen_pd_col[1].u_pd/nfast_hit_latched_reg[0]/SN	0x7f4b23a96580	{u_core_gen_pd_row[6].gen_pd_col[1].u_pd/nfast_hit_latched_reg[0]}	DFRSJIHDX1	SN	u_core_gen_pd_row[6].gen_pd_col[1].u_pd/MPTDC_TIE1_LTIEHI_NET	PASS
u_core_gen_pd_row[6].gen_pd_col[2].u_pd/nfast_hit_latched_reg[0]/SN	u_core_gen_pd_row[6].gen_pd_col[2].u_pd/nfast_hit_latched_reg[0]/SN	0x7f4b23a967c0	{u_core_gen_pd_row[6].gen_pd_col[2].u_pd/nfast_hit_latched_reg[0]}	DFRSQJIHDX1	SN	u_core_gen_pd_row[6].gen_pd_col[2].u_pd/MPTDC_TIE1_LTIEHI_NET	PASS
u_core_gen_pd_row[6].gen_pd_col[3].u_pd/nfast_hit_latched_reg[0]/SN	u_core_gen_pd_row[6].gen_pd_col[3].u_pd/nfast_hit_latched_reg[0]/SN	0x7f4b23a98b90	{u_core_gen_pd_row[6].gen_pd_col[3].u_pd/nfast_hit_latched_reg[0]}	DFRSJIHDX2	SN	u_core_gen_pd_row[6].gen_pd_col[3].u_pd/MPTDC_TIE1_LTIEHI_NET	PASS
u_core_gen_pd_row[6].gen_pd_col[4].u_pd/nfast_hit_latched_reg[0]/SN	u_core_gen_pd_row[6].gen_pd_col[4].u_pd/nfast_hit_latched_reg[0]/SN	0x7f4b23a98f20	{u_core_gen_pd_row[6].gen_pd_col[4].u_pd/nfast_hit_latched_reg[0]}	DFRSQJIHDX4	SN	u_core_gen_pd_row[6].gen_pd_col[4].u_pd/MPTDC_TIE1_LTIEHI_NET	PASS
u_core_gen_pd_row[6].gen_pd_col[5].u_pd/nfast_hit_latched_reg[0]/SN	u_core_gen_pd_row[6].gen_pd_col[5].u_pd/nfast_hit_latched_reg[0]/SN	0x7f4b23a9b320	{u_core_gen_pd_row[6].gen_pd_col[5].u_pd/nfast_hit_latched_reg[0]}	DFRSJIHDX1	SN	u_core_gen_pd_row[6].gen_pd_col[5].u_pd/MPTDC_TIE1_LTIEHI_NET	PASS
u_core_gen_pd_row[6].gen_pd_col[6].u_pd/nfast_hit_latched_reg[0]/SN	u_core_gen_pd_row[6].gen_pd_col[6].u_pd/nfast_hit_latched_reg[0]/SN	0x7f4b23a9c640	{u_core_gen_pd_row[6].gen_pd_col[6].u_pd/nfast_hit_latched_reg[0]}	DFRSJIHDX1	SN	u_core_gen_pd_row[6].gen_pd_col[6].u_pd/MPTDC_TIE1_LTIEHI_NET	PASS
u_core_gen_pd_row[6].gen_pd_col[7].u_pd/nfast_hit_latched_reg[0]/SN	u_core_gen_pd_row[6].gen_pd_col[7].u_pd/nfast_hit_latched_reg[0]/SN	0x7f4b23a9d960	{u_core_gen_pd_row[6].gen_pd_col[7].u_pd/nfast_hit_latched_reg[0]}	DFRSJIHDX1	SN	u_core_gen_pd_row[6].gen_pd_col[7].u_pd/MPTDC_TIE1_LTIEHI_NET	PASS
u_core_gen_pd_row[7].gen_pd_col[0].u_pd/nfast_hit_latched_reg[0]/SN	u_core_gen_pd_row[7].gen_pd_col[0].u_pd/nfast_hit_latched_reg[0]/SN	0x7f4b23a9ec80	{u_core_gen_pd_row[7].gen_pd_col[0].u_pd/nfast_hit_latched_reg[0]}	DFRSJIHDX2	SN	u_core_gen_pd_row[7].gen_pd_col[0].u_pd/MPTDC_TIE1_LTIEHI_NET	PASS
u_core_gen_pd_row[7].gen_pd_col[1].u_pd/nfast_hit_latched_reg[0]/SN	u_core_gen_pd_row[7].gen_pd_col[1].u_pd/nfast_hit_latched_reg[0]/SN	0x7f4b23a9f430	{u_core_gen_pd_row[7].gen_pd_col[1].u_pd/nfast_hit_latched_reg[0]}	DFRSQJIHDX4	SN	u_core_gen_pd_row[7].gen_pd_col[1].u_pd/MPTDC_TIE1_LTIEHI_NET	PASS
u_core_gen_pd_row[7].gen_pd_col[2].u_pd/nfast_hit_latched_reg[0]/SN	u_core_gen_pd_row[7].gen_pd_col[2].u_pd/nfast_hit_latched_reg[0]/SN	0x7f4b23aa0480	{u_core_gen_pd_row[7].gen_pd_col[2].u_pd/nfast_hit_latched_reg[0]}	DFRSQJIHDX1	SN	u_core_gen_pd_row[7].gen_pd_col[2].u_pd/MPTDC_TIE1_LTIEHI_NET	PASS
u_core_gen_pd_row[7].gen_pd_col[3].u_pd/nfast_hit_latched_reg[0]/SN	u_core_gen_pd_row[7].gen_pd_col[3].u_pd/nfast_hit_latched_reg[0]/SN	0x7f4b23aa2760	{u_core_gen_pd_row[7].gen_pd_col[3].u_pd/nfast_hit_latched_reg[0]}	DFRSJIHDX1	SN	u_core_gen_pd_row[7].gen_pd_col[3].u_pd/MPTDC_TIE1_LTIEHI_NET	PASS
u_core_gen_pd_row[7].gen_pd_col[4].u_pd/nfast_hit_latched_reg[0]/SN	u_core_gen_pd_row[7].gen_pd_col[4].u_pd/nfast_hit_latched_reg[0]/SN	0x7f4b23aa3cc0	{u_core_gen_pd_row[7].gen_pd_col[4].u_pd/nfast_hit_latched_reg[0]}	DFRSJIHDX2	SN	u_core_gen_pd_row[7].gen_pd_col[4].u_pd/MPTDC_TIE1_LTIEHI_NET	PASS
u_core_gen_pd_row[7].gen_pd_col[5].u_pd/nfast_hit_latched_reg[0]/SN	u_core_gen_pd_row[7].gen_pd_col[5].u_pd/nfast_hit_latched_reg[0]/SN	0x7f4b23aa4fe0	{u_core_gen_pd_row[7].gen_pd_col[5].u_pd/nfast_hit_latched_reg[0]}	DFRSJIHDX2	SN	u_core_gen_pd_row[7].gen_pd_col[5].u_pd/MPTDC_TIE1_LTIEHI_NET	PASS
u_core_gen_pd_row[7].gen_pd_col[6].u_pd/nfast_hit_latched_reg[0]/SN	u_core_gen_pd_row[7].gen_pd_col[6].u_pd/nfast_hit_latched_reg[0]/SN	0x7f4b23aa6300	{u_core_gen_pd_row[7].gen_pd_col[6].u_pd/nfast_hit_latched_reg[0]}	DFRSJIHDX1	SN	u_core_gen_pd_row[7].gen_pd_col[6].u_pd/MPTDC_TIE1_LTIEHI_NET	PASS
u_core_gen_pd_row[7].gen_pd_col[7].u_pd/nfast_hit_latched_reg[0]/SN	u_core_gen_pd_row[7].gen_pd_col[7].u_pd/nfast_hit_latched_reg[0]/SN	0x7f4b23aa6720	{u_core_gen_pd_row[7].gen_pd_col[7].u_pd/nfast_hit_latched_reg[0]}	DFRSQJIHDX1	SN	u_core_gen_pd_row[7].gen_pd_col[7].u_pd/MPTDC_TIE1_LTIEHI_NET	PASS
u_core_gen_rst_fast_tap[0].u_rst_fast_sync/sync_q_reg[0]/D	u_core_gen_rst_fast_tap[0].u_rst_fast_sync/sync_q_reg[0]/D	0x7f4b23aa7950	{u_core_gen_rst_fast_tap[0].u_rst_fast_sync/sync_q_reg[0]}	DFRRQJIHDX1	D	u_core_gen_rst_fast_tap[0].u_rst_fast_sync/MPTDC_TIE1_LTIEHI_NET	PASS
u_core_gen_rst_fast_tap[1].u_rst_fast_sync/sync_q_reg[0]/D	u_core_gen_rst_fast_tap[1].u_rst_fast_sync/sync_q_reg[0]/D	0x7f4b23aa7ad0	{u_core_gen_rst_fast_tap[1].u_rst_fast_sync/sync_q_reg[0]}	DFRRQJIHDX1	D	u_core_gen_rst_fast_tap[1].u_rst_fast_sync/MPTDC_TIE1_LTIEHI_NET	PASS
u_core_gen_rst_fast_tap[2].u_rst_fast_sync/sync_q_reg[0]/D	u_core_gen_rst_fast_tap[2].u_rst_fast_sync/sync_q_reg[0]/D	0x7f4b23aa7c50	{u_core_gen_rst_fast_tap[2].u_rst_fast_sync/sync_q_reg[0]}	DFRRQJIHDX1	D	u_core_gen_rst_fast_tap[2].u_rst_fast_sync/MPTDC_TIE1_LTIEHI_NET	PASS
u_core_gen_rst_fast_tap[3].u_rst_fast_sync/sync_q_reg[0]/D	u_core_gen_rst_fast_tap[3].u_rst_fast_sync/sync_q_reg[0]/D	0x7f4b23aa7dd0	{u_core_gen_rst_fast_tap[3].u_rst_fast_sync/sync_q_reg[0]}	DFRRQJIHDX1	D	u_core_gen_rst_fast_tap[3].u_rst_fast_sync/MPTDC_TIE1_LTIEHI_NET	PASS
u_core_gen_rst_fast_tap[4].u_rst_fast_sync/sync_q_reg[0]/D	u_core_gen_rst_fast_tap[4].u_rst_fast_sync/sync_q_reg[0]/D	0x7f4b23aa7f50	{u_core_gen_rst_fast_tap[4].u_rst_fast_sync/sync_q_reg[0]}	DFRRQJIHDX1	D	u_core_gen_rst_fast_tap[4].u_rst_fast_sync/MPTDC_TIE1_LTIEHI_NET	PASS
u_core_gen_rst_fast_tap[5].u_rst_fast_sync/sync_q_reg[0]/D	u_core_gen_rst_fast_tap[5].u_rst_fast_sync/sync_q_reg[0]/D	0x7f4b23aa80d0	{u_core_gen_rst_fast_tap[5].u_rst_fast_sync/sync_q_reg[0]}	DFRRQJIHDX1	D	u_core_gen_rst_fast_tap[5].u_rst_fast_sync/MPTDC_TIE1_LTIEHI_NET	PASS
u_core_gen_rst_fast_tap[6].u_rst_fast_sync/sync_q_reg[0]/D	u_core_gen_rst_fast_tap[6].u_rst_fast_sync/sync_q_reg[0]/D	0x7f4b23aa8250	{u_core_gen_rst_fast_tap[6].u_rst_fast_sync/sync_q_reg[0]}	DFRRQJIHDX1	D	u_core_gen_rst_fast_tap[6].u_rst_fast_sync/MPTDC_TIE1_LTIEHI_NET	PASS
u_core_gen_rst_fast_tap[7].u_rst_fast_sync/sync_q_reg[0]/D	u_core_gen_rst_fast_tap[7].u_rst_fast_sync/sync_q_reg[0]/D	0x7f4b23aa83d0	{u_core_gen_rst_fast_tap[7].u_rst_fast_sync/sync_q_reg[0]}	DFRRQJIHDX1	D	u_core_gen_rst_fast_tap[7].u_rst_fast_sync/MPTDC_TIE1_LTIEHI_NET	PASS
u_core_u_rst_drain_sync/sync_q_reg[0]/D	u_core_u_rst_drain_sync/sync_q_reg[0]/D	0x7f4b23aa92d0	{u_core_u_rst_drain_sync/sync_q_reg[0]}	DFRRQJIHDX1	D	u_core_u_rst_drain_sync/MPTDC_TIE1_LTIEHI_NET	PASS
u_core_u_rst_fifo_sync/sync_q_reg[0]/D	u_core_u_rst_fifo_sync/sync_q_reg[0]/D	0x7f4b23aa9510	{u_core_u_rst_fifo_sync/sync_q_reg[0]}	DFRRQJIHDX1	D	u_core_u_rst_fifo_sync/MPTDC_TIE1_LTIEHI_NET	PASS
u_core_u_rst_status_sync/sync_q_reg[0]/D	u_core_u_rst_status_sync/sync_q_reg[0]/D	0x7f4b23aa9690	{u_core_u_rst_status_sync/sync_q_reg[0]}	DFRRQJIHDX1	D	u_core_u_rst_status_sync/MPTDC_TIE1_LTIEHI_NET	PASS
u_core_u_rst_tx_sync/sync_q_reg[0]/D	u_core_u_rst_tx_sync/sync_q_reg[0]/D	0x7f4b23aa9a50	{u_core_u_rst_tx_sync/sync_q_reg[0]}	DFRRQJIHDX1	D	u_core_u_rst_tx_sync/MPTDC_TIE1_LTIEHI_NET	PASS
u_core_u_drain_ctrl_drain_ctx_q_reg[0]/SN	u_core_u_drain_ctrl_drain_ctx_q_reg[0]/SN	0x7f4b2b406f00	{u_core_u_drain_ctrl_drain_ctx_q_reg[0]}	DFRSJIHDX1	SN	MPTDC_TIE1_LTIEHI_6_NET	PASS
u_core_u_drain_ctrl_ns_cnt_q_reg[2]/SN	u_core_u_drain_ctrl_ns_cnt_q_reg[2]/SN	0x7f4b2b408280	{u_core_u_drain_ctrl_ns_cnt_q_reg[2]}	DFRSJIHDX2	SN	MPTDC_TIE1_LTIEHI_1_NET	PASS
u_core_u_drain_ctrl_pd_scan_q_reg[3]/SN	u_core_u_drain_ctrl_pd_scan_q_reg[3]/SN	0x7f4b2b408370	{u_core_u_drain_ctrl_pd_scan_q_reg[3]}	DFRSJIHDX1	SN	MPTDC_TIE1_LTIEHI_NET	PASS
u_core_u_drain_ctrl_pd_scan_q_reg[4]/SN	u_core_u_drain_ctrl_pd_scan_q_reg[4]/SN	0x7f4b2b408460	{u_core_u_drain_ctrl_pd_scan_q_reg[4]}	DFRSJIHDX1	SN	MPTDC_TIE1_LTIEHI_NET	PASS
u_core_u_fifo_count_q_reg[5]/SN	u_core_u_fifo_count_q_reg[5]/SN	0x7f4b2b40a440	{u_core_u_fifo_count_q_reg[5]}	DFRSJIHDX1	SN	MPTDC_TIE1_LTIEHI_5_NET	PASS
u_core_u_meas_ctrl_state_q_reg[0]/SN	u_core_u_meas_ctrl_state_q_reg[0]/SN	0x7f4b2b469060	{u_core_u_meas_ctrl_state_q_reg[0]}	DFRSQJIHDX1	SN	MPTDC_TIE1_LTIEHI_3_NET	PASS
u_core_u_drain_ctrl_event_seq_q_reg[0]/SN	u_core_u_drain_ctrl_event_seq_q_reg[0]/SN	0x7f4b239e1110	{u_core_u_drain_ctrl_event_seq_q_reg[0]}	DFRSJIHDX1	SN	MPTDC_TIE1_LTIEHI_6_NET	PASS
u_core_u_drain_ctrl_event_seq_q_reg[1]/SN	u_core_u_drain_ctrl_event_seq_q_reg[1]/SN	0x7f4b239e1200	{u_core_u_drain_ctrl_event_seq_q_reg[1]}	DFRSJIHDX1	SN	MPTDC_TIE1_LTIEHI_2_NET	PASS
u_core_u_drain_ctrl_event_seq_q_reg[2]/SN	u_core_u_drain_ctrl_event_seq_q_reg[2]/SN	0x7f4b239e12f0	{u_core_u_drain_ctrl_event_seq_q_reg[2]}	DFRSJIHDX1	SN	MPTDC_TIE1_LTIEHI_2_NET	PASS
u_core_u_drain_ctrl_event_seq_q_reg[3]/SN	u_core_u_drain_ctrl_event_seq_q_reg[3]/SN	0x7f4b239e13e0	{u_core_u_drain_ctrl_event_seq_q_reg[3]}	DFRSJIHDX1	SN	MPTDC_TIE1_LTIEHI_4_NET	PASS
u_core_u_drain_ctrl_pd_scan_q_reg[1]/SN	u_core_u_drain_ctrl_pd_scan_q_reg[1]/SN	0x7f4b239e14a0	{u_core_u_drain_ctrl_pd_scan_q_reg[1]}	DFRSQJIHDX1	SN	MPTDC_TIE1_LTIEHI_1_NET	PASS
u_core_u_drain_ctrl_pd_scan_q_reg[2]/RN	u_core_u_drain_ctrl_pd_scan_q_reg[2]/RN	0x7f4b23a4fbd0	{u_core_u_drain_ctrl_pd_scan_q_reg[2]}	DFRRJIHDX1	RN	MPTDC_TIE1_LTIEHI_NET	PASS
u_core_u_fifo_rd_ptr_q_reg[2]/SN	u_core_u_fifo_rd_ptr_q_reg[2]/SN	0x7f4b23a4fd80	{u_core_u_fifo_rd_ptr_q_reg[2]}	DFRSJIHDX1	SN	MPTDC_TIE1_LTIEHI_7_NET	PASS
u_core_u_fifo_rd_ptr_q_reg[3]/SN	u_core_u_fifo_rd_ptr_q_reg[3]/SN	0x7f4b23a4fff0	{u_core_u_fifo_rd_ptr_q_reg[3]}	DFRSJIHDX1	SN	MPTDC_TIE1_LTIEHI_7_NET	PASS
