config,delay_ps,estimator,N,count,mean,std,min,max,median,rmse,mae,p90_ae,p99_ae
multihit_15_cal_nominal,20,conv_mean,1,1000,-2162.666666666667,4.549748952343969e-13,-2162.6666666666665,-2162.6666666666665,-2162.6666666666665,2162.6666666666665,2162.666666666667,2162.6666666666665,2162.6666666666665
multihit_15_cal_nominal,20,conv_mean,2,1000,-2162.666666666667,4.549748952343969e-13,-2162.6666666666665,-2162.6666666666665,-2162.6666666666665,2162.6666666666665,2162.666666666667,2162.6666666666665,2162.6666666666665
multihit_15_cal_nominal,20,conv_mean,3,1000,-2162.5671111111114,2.22501543950862,-2162.6666666666665,-2112.8888888888887,-2162.6666666666665,2162.568254599718,2162.5671111111114,2162.6666666666665,2162.6666666666665
multihit_15_cal_nominal,20,conv_mean,4,1000,-2162.666666666667,4.549748952343969e-13,-2162.6666666666665,-2162.6666666666665,-2162.6666666666665,2162.6666666666665,2162.666666666667,2162.6666666666665,2162.6666666666665
multihit_15_cal_nominal,20,conv_mean,5,1000,-2162.6368000000007,0.9444669278369451,-2162.6666666666665,-2132.8,-2162.6666666666665,2162.637006027595,2162.6368000000007,2162.6666666666665,2162.6666666666665
multihit_15_cal_nominal,20,conv_mean,6,1000,-2162.6168888888897,1.1125077197543005,-2162.6666666666665,-2137.777777777778,-2162.6666666666665,2162.6171747545172,2162.6168888888897,2162.6666666666665,2162.6666666666665
multihit_15_cal_nominal,20,conv_mean,7,1000,-2162.602666666667,1.1673045589162323,-2162.6666666666665,-2141.333333333333,-2162.6666666666665,2162.6029813886576,2162.602666666667,2162.6666666666665,2162.6666666666665
multihit_15_cal_nominal,20,conv_mean,8,1000,-2162.6293333333338,0.8343807898157248,-2162.6666666666665,-2144.0,-2162.6666666666665,2162.629494131829,2162.6293333333338,2162.6666666666665,2162.6666666666665
multihit_15_cal_nominal,20,conv_mean,9,1000,-2162.650074074075,0.5247038487982953,-2162.6666666666665,-2146.0740740740744,-2162.6666666666665,2162.65013766245,2162.650074074075,2162.6666666666665,2162.6666666666665
multihit_15_cal_nominal,20,conv_mean,10,1000,-2162.6666666666674,4.549748952343969e-13,-2162.666666666667,-2162.666666666667,-2162.666666666667,2162.666666666667,2162.6666666666674,2162.666666666667,2162.666666666667
multihit_15_cal_nominal,20,conv_mean,11,1000,-2162.6259393939404,0.7428301738557752,-2162.666666666667,-2149.0909090909095,-2162.666666666667,2162.626066841975,2162.6259393939404,2162.666666666667,2162.666666666667
multihit_15_cal_nominal,20,conv_mean,12,1000,-2162.6168888888897,0.7858731192263151,-2162.666666666667,-2150.222222222222,-2162.666666666667,2162.6170315352697,2162.6168888888897,2162.666666666667,2162.666666666667
multihit_15_cal_nominal,20,conv_mean,13,1000,-2162.609230769232,0.8106384614946323,-2162.666666666667,-2151.1794871794873,-2162.666666666667,2162.609382548283,2162.609230769232,2162.666666666667,2162.666666666667
multihit_15_cal_nominal,20,conv_mean,14,1000,-2162.6346666666673,0.5836522794581038,-2162.666666666667,-2152.0000000000005,-2162.666666666667,2162.634745346005,2162.6346666666673,2162.666666666667,2162.666666666667
multihit_15_cal_nominal,20,conv_mean,15,1000,-2162.6567111111117,0.3148223092789915,-2162.666666666667,-2152.711111111111,-2162.666666666667,2162.656734002857,2162.6567111111117,2162.666666666667,2162.666666666667
multihit_15_cal_nominal,50,conv_mean,1,1000,-2159.333333333333,4.549748952343969e-13,-2159.3333333333335,-2159.3333333333335,-2159.3333333333335,2159.333333333334,2159.333333333333,2159.3333333333335,2159.3333333333335
multihit_15_cal_nominal,50,conv_mean,2,1000,-2159.333333333333,4.549748952343969e-13,-2159.3333333333335,-2159.3333333333335,-2159.3333333333335,2159.333333333334,2159.333333333333,2159.3333333333335,2159.3333333333335
multihit_15_cal_nominal,50,conv_mean,3,1000,-2159.2817777777773,1.6303298159090345,-2159.3333333333335,-2107.777777777778,-2159.3333333333335,2159.2823926389287,2159.2817777777773,2159.3333333333335,2159.3333333333335
multihit_15_cal_nominal,50,conv_mean,4,1000,-2159.294666666666,1.2227473619317684,-2159.3333333333335,-2120.666666666667,-2159.3333333333335,2159.2950125240213,2159.294666666666,2159.3333333333335,2159.3333333333335
multihit_15_cal_nominal,50,conv_mean,5,1000,-2159.333333333333,4.549748952343969e-13,-2159.3333333333335,-2159.3333333333335,-2159.3333333333335,2159.333333333334,2159.333333333333,2159.3333333333335,2159.3333333333335
multihit_15_cal_nominal,50,conv_mean,6,1000,-2159.307555555555,0.8151649079545029,-2159.3333333333335,-2133.555555555556,-2159.3333333333335,2159.3077092690246,2159.307555555555,2159.3333333333335,2159.3333333333335
multihit_15_cal_nominal,50,conv_mean,7,1000,-2159.3112380952375,0.6987127782467124,-2159.3333333333335,-2137.238095238096,-2159.3333333333335,2159.3113510273915,2159.3112380952375,2159.3333333333335,2159.3333333333335
multihit_15_cal_nominal,50,conv_mean,8,1000,-2159.333333333333,4.549748952343969e-13,-2159.3333333333335,-2159.3333333333335,-2159.3333333333335,2159.333333333334,2159.333333333333,2159.3333333333335,2159.3333333333335
multihit_15_cal_nominal,50,conv_mean,9,1000,-2159.333333333333,4.549748952343969e-13,-2159.3333333333335,-2159.3333333333335,-2159.3333333333335,2159.333333333334,2159.333333333333,2159.3333333333335,2159.3333333333335
multihit_15_cal_nominal,50,conv_mean,10,1000,-2159.3023999999996,0.6913440829901794,-2159.333333333333,-2143.8666666666663,-2159.333333333333,2159.3025105631777,2159.3023999999996,2159.333333333333,2159.333333333333
multihit_15_cal_nominal,50,conv_mean,11,1000,-2159.3333333333326,4.549748952343969e-13,-2159.333333333333,-2159.333333333333,-2159.333333333333,2159.333333333333,2159.3333333333326,2159.333333333333,2159.333333333333
multihit_15_cal_nominal,50,conv_mean,12,1000,-2159.294666666666,0.7052465043452242,-2159.333333333333,-2146.444444444444,-2159.333333333333,2159.2947817216545,2159.294666666666,2159.333333333333,2159.333333333333
multihit_15_cal_nominal,50,conv_mean,13,1000,-2159.285743589743,0.7513292458537157,-2159.333333333333,-2147.435897435897,-2159.333333333333,2159.2858741725354,2159.285743589743,2159.333333333333,2159.333333333333
multihit_15_cal_nominal,50,conv_mean,14,1000,-2159.289142857142,0.6976628711498843,-2159.333333333333,-2148.2857142857138,-2159.333333333333,2159.289255451312,2159.289142857142,2159.333333333333,2159.333333333333
multihit_15_cal_nominal,50,conv_mean,15,1000,-2159.3127111111107,0.46089605532680644,-2159.333333333333,-2149.0222222222214,-2159.333333333333,2159.3127602500667,2159.3127111111107,2159.333333333333,2159.333333333333
multihit_15_cal_nominal,100,conv_mean,1,1000,-2104.0,0.0,-2104.0,-2104.0,-2104.0,2104.0,2104.0,2104.0,2104.0
multihit_15_cal_nominal,100,conv_mean,2,1000,-2104.0,0.0,-2104.0,-2104.0,-2104.0,2104.0,2104.0,2104.0,2104.0
multihit_15_cal_nominal,100,conv_mean,3,1000,-2104.0,0.0,-2104.0,-2104.0,-2104.0,2104.0,2104.0,2104.0,2104.0
multihit_15_cal_nominal,100,conv_mean,4,1000,-2104.0,0.0,-2104.0,-2104.0,-2104.0,2104.0,2104.0,2104.0,2104.0
multihit_15_cal_nominal,100,conv_mean,5,1000,-2103.9690666666665,0.9781978895454205,-2104.0,-2073.0666666666666,-2104.0,2103.969293835926,2103.9690666666665,2104.0,2104.0
multihit_15_cal_nominal,100,conv_mean,6,1000,-2103.974222222222,0.8151649079545169,-2104.0,-2078.222222222222,-2104.0,2103.974379978268,2103.974222222222,2104.0,2104.0
multihit_15_cal_nominal,100,conv_mean,7,1000,-2104.0,0.0,-2104.0,-2104.0,-2104.0,2104.0,2104.0,2104.0,2104.0
multihit_15_cal_nominal,100,conv_mean,8,1000,-2103.942,1.0578697565178112,-2104.0,-2084.666666666667,-2104.0,2103.9422656844304,2103.942,2104.0,2104.0
multihit_15_cal_nominal,100,conv_mean,9,1000,-2103.96562962963,0.7681600922112901,-2104.0,-2086.8148148148152,-2104.0,2103.9657697174307,2103.96562962963,2104.0,2104.0
multihit_15_cal_nominal,100,conv_mean,10,1000,-2103.9536,0.8462958052142474,-2104.0,-2088.5333333333333,-2104.0,2103.9537700371015,2103.9536,2104.0,2104.0
multihit_15_cal_nominal,100,conv_mean,11,1000,-2103.9718787878787,0.6284946209001593,-2104.0,-2089.939393939394,-2104.0,2103.9719725653854,2103.9718787878787,2104.0,2104.0
multihit_15_cal_nominal,100,conv_mean,12,1000,-2103.987111111111,0.4075824539772658,-2104.0,-2091.111111111111,-2104.0,2103.9871505498822,2103.987111111111,2104.0,2104.0
multihit_15_cal_nominal,100,conv_mean,13,1000,-2103.976205128205,0.5318031407616708,-2104.0,-2092.102564102564,-2104.0,2103.9762722705427,2103.976205128205,2104.0,2104.0
multihit_15_cal_nominal,100,conv_mean,14,1000,-2104.0,0.0,-2104.0,-2104.0,-2104.0,2104.0,2104.0,2104.0,2104.0
multihit_15_cal_nominal,100,conv_mean,15,1000,-2103.969066666667,0.5641972034761759,-2104.0,-2093.688888888889,-2104.0,2103.969142238158,2103.969066666667,2104.0,2104.0
multihit_15_cal_nominal,200,conv_mean,1,1000,-1982.666666666667,4.549748952343969e-13,-1982.6666666666665,-1982.6666666666665,-1982.6666666666665,1982.6666666666667,1982.666666666667,1982.6666666666665,1982.6666666666665
multihit_15_cal_nominal,200,conv_mean,2,1000,-1982.666666666667,4.549748952343969e-13,-1982.6666666666665,-1982.6666666666665,-1982.6666666666665,1982.6666666666667,1982.666666666667,1982.6666666666665,1982.6666666666665
multihit_15_cal_nominal,200,conv_mean,3,1000,-1982.6151111111117,1.6303298159090338,-1982.6666666666667,-1931.111111111111,-1982.6666666666667,1982.6157807612287,1982.6151111111117,1982.6666666666667,1982.6666666666667
multihit_15_cal_nominal,200,conv_mean,4,1000,-1982.666666666667,4.549748952343969e-13,-1982.6666666666665,-1982.6666666666665,-1982.6666666666665,1982.6666666666667,1982.666666666667,1982.6666666666665,1982.6666666666665
multihit_15_cal_nominal,200,conv_mean,5,1000,-1982.5738666666666,1.692591610428528,-1982.6666666666665,-1951.7333333333331,-1982.6666666666665,1982.5745884559076,1982.5738666666666,1982.6666666666665,1982.6666666666665
multihit_15_cal_nominal,200,conv_mean,6,1000,-1982.640888888889,0.8151649079545099,-1982.6666666666663,-1956.8888888888887,-1982.6666666666663,1982.6410562992626,1982.640888888889,1982.6666666666663,1982.6666666666663
multihit_15_cal_nominal,200,conv_mean,7,1000,-1982.5782857142858,1.3953257422997685,-1982.6666666666663,-1960.5714285714282,-1982.6666666666663,1982.5787762338193,1982.5782857142858,1982.6666666666663,1982.6666666666663
multihit_15_cal_nominal,200,conv_mean,8,1000,-1982.6280000000002,0.864180103737719,-1982.6666666666665,-1963.3333333333333,-1982.6666666666665,1982.6281881493676,1982.6280000000002,1982.6666666666665,1982.6666666666665
multihit_15_cal_nominal,200,conv_mean,9,1000,-1982.649481481482,0.5434432719696853,-1982.6666666666667,-1965.4814814814813,-1982.6666666666667,1982.6495558857714,1982.649481481482,1982.6666666666667,1982.6666666666667
multihit_15_cal_nominal,200,conv_mean,10,1000,-1982.6512000000007,0.4890989447727103,-1982.6666666666667,-1967.2,-1982.6666666666667,1982.651260267423,1982.6512000000007,1982.6666666666667,1982.6666666666667
multihit_15_cal_nominal,200,conv_mean,11,1000,-1982.6385454545464,0.6284946209001692,-1982.666666666667,-1968.6060606060607,-1982.666666666667,1982.6386449710396,1982.6385454545464,1982.666666666667,1982.666666666667
multihit_15_cal_nominal,200,conv_mean,12,1000,-1982.6537777777787,0.40758245397725856,-1982.666666666667,-1969.777777777778,-1982.666666666667,1982.6538196301008,1982.6537777777787,1982.666666666667,1982.666666666667
multihit_15_cal_nominal,200,conv_mean,13,1000,-1982.619076923078,0.7513292458537303,-1982.666666666667,-1970.769230769231,-1982.666666666667,1982.6192191418036,1982.619076923078,1982.666666666667,1982.666666666667
multihit_15_cal_nominal,200,conv_mean,14,1000,-1982.622476190477,0.6976628711498986,-1982.6666666666672,-1971.619047619048,-1982.6666666666672,1982.622598817638,1982.622476190477,1982.6666666666672,1982.6666666666672
multihit_15_cal_nominal,200,conv_mean,15,1000,-1982.604800000001,0.7966939882668705,-1982.6666666666672,-1972.355555555556,-1982.6666666666672,1982.6049599124963,1982.604800000001,1982.6666666666672,1982.6666666666672
multihit_15_cal_nominal,500,conv_mean,1,1000,-1751.8453333333332,4.8909894477270885,-1752.0,-1597.3333333333335,-1752.0,1751.8521540865763,1751.8453333333332,1752.0,1752.0
multihit_15_cal_nominal,500,conv_mean,2,1000,-1751.9226666666668,2.4454947238635443,-1752.0,-1674.6666666666667,-1752.0,1751.9243717821967,1751.9226666666668,1752.0,1752.0
multihit_15_cal_nominal,500,conv_mean,3,1000,-1751.9484444444445,1.630329815909027,-1752.0,-1700.4444444444446,-1752.0,1751.9492022626232,1751.9484444444445,1752.0,1752.0
multihit_15_cal_nominal,500,conv_mean,4,1000,-1751.9613333333332,1.2227473619317686,-1752.0,-1713.3333333333335,-1752.0,1751.9617596029632,1751.9613333333332,1752.0,1752.0
multihit_15_cal_nominal,500,conv_mean,5,1000,-1751.9690666666665,0.9781978895454134,-1752.0,-1721.0666666666668,-1752.0,1751.9693394780377,1751.9690666666665,1752.0,1752.0
multihit_15_cal_nominal,500,conv_mean,6,1000,-1751.9742222222224,0.8151649079545097,-1752.0,-1726.2222222222224,-1752.0,1751.97441167401,1751.9742222222224,1752.0,1752.0
multihit_15_cal_nominal,500,conv_mean,7,1000,-1752.0,0.0,-1752.0,-1752.0,-1752.0,1752.0,1752.0,1752.0,1752.0
multihit_15_cal_nominal,500,conv_mean,8,1000,-1751.9806666666668,0.6113736809658843,-1752.0,-1732.6666666666667,-1752.0,1751.9807732329077,1751.9806666666668,1752.0,1752.0
multihit_15_cal_nominal,500,conv_mean,9,1000,-1751.982814814815,0.543443271969678,-1752.0,-1734.8148148148148,-1752.0,1751.9828990151989,1751.982814814815,1752.0,1752.0
multihit_15_cal_nominal,500,conv_mean,10,1000,-1751.9690666666665,0.6913440829901691,-1752.0,-1736.5333333333335,-1752.0,1751.9692029358152,1751.9690666666665,1752.0,1752.0
multihit_15_cal_nominal,500,conv_mean,11,1000,-1751.971878787879,0.628494620900149,-1752.0,-1737.9393939393942,-1752.0,1751.9719914068298,1751.971878787879,1752.0,1752.0
multihit_15_cal_nominal,500,conv_mean,12,1000,-1751.9355555555555,0.9095556547127055,-1752.0,-1739.1111111111113,-1752.0,1751.935791427286,1751.9355555555555,1752.0,1752.0
multihit_15_cal_nominal,500,conv_mean,13,1000,-1751.9881025641025,0.3762299575174656,-1752.0,-1740.1025641025642,-1752.0,1751.9881429203786,1751.9881025641025,1752.0,1752.0
multihit_15_cal_nominal,500,conv_mean,14,1000,-1751.977904761905,0.4938172021358359,-1752.0,-1740.952380952381,-1752.0,1751.9779742866313,1751.977904761905,1752.0,1752.0
multihit_15_cal_nominal,500,conv_mean,15,1000,-1752.0,0.0,-1752.0,-1752.0,-1752.0,1752.0,1752.0,1752.0,1752.0
multihit_15_cal_nominal,1000,conv_mean,1,1000,-2041.333333333333,4.549748952343969e-13,-2041.3333333333335,-2041.3333333333335,-2041.3333333333335,2041.3333333333333,2041.333333333333,2041.3333333333335,2041.3333333333335
multihit_15_cal_nominal,1000,conv_mean,2,1000,-2041.2586666666666,2.3611673195923926,-2041.3333333333335,-1966.6666666666667,-2041.3333333333335,2041.2600309068362,2041.2586666666666,2041.3333333333335,2041.3333333333335
multihit_15_cal_nominal,1000,conv_mean,3,1000,-2041.3333333333328,4.549748952343969e-13,-2041.3333333333333,-2041.3333333333333,-2041.3333333333333,2041.333333333333,2041.3333333333328,2041.3333333333333,2041.3333333333333
multihit_15_cal_nominal,1000,conv_mean,4,1000,-2041.333333333333,4.549748952343969e-13,-2041.3333333333335,-2041.3333333333335,-2041.3333333333335,2041.3333333333333,2041.333333333333,2041.3333333333335,2041.3333333333335
multihit_15_cal_nominal,1000,conv_mean,5,1000,-2041.333333333333,4.549748952343969e-13,-2041.3333333333335,-2041.3333333333335,-2041.3333333333335,2041.3333333333333,2041.333333333333,2041.3333333333335,2041.3333333333335
multihit_15_cal_nominal,1000,conv_mean,6,1000,-2041.2586666666666,1.3618553187356082,-2041.3333333333337,-2016.4444444444446,-2041.3333333333337,2041.2591205030872,2041.2586666666666,2041.3333333333337,2041.3333333333337
multihit_15_cal_nominal,1000,conv_mean,7,1000,-2041.333333333333,6.824623428515955e-13,-2041.3333333333337,-2041.3333333333337,-2041.3333333333337,2041.3333333333333,2041.333333333333,2041.3333333333337,2041.3333333333337
multihit_15_cal_nominal,1000,conv_mean,8,1000,-2041.277333333333,1.0213914890517,-2041.3333333333335,-2022.6666666666667,-2041.3333333333335,2041.2775886139978,2041.277333333333,2041.3333333333335,2041.3333333333335
multihit_15_cal_nominal,1000,conv_mean,9,1000,-2041.3333333333328,4.549748952343969e-13,-2041.3333333333333,-2041.3333333333333,-2041.3333333333333,2041.333333333333,2041.3333333333328,2041.3333333333333,2041.3333333333333
multihit_15_cal_nominal,1000,conv_mean,10,1000,-2041.2437333333328,1.1538326726623493,-2041.3333333333333,-2026.4,-2041.3333333333333,2041.2440591147129,2041.2437333333328,2041.3333333333333,2041.3333333333333
multihit_15_cal_nominal,1000,conv_mean,11,1000,-2041.3197575757565,0.4293031490167887,-2041.333333333333,-2027.7575757575758,-2041.333333333333,2041.3198026732707,2041.3197575757565,2041.333333333333,2041.333333333333
multihit_15_cal_nominal,1000,conv_mean,12,1000,-2041.2835555555546,0.7858731192263008,-2041.333333333333,-2028.8888888888887,-2041.333333333333,2041.2837066807967,2041.2835555555546,2041.333333333333,2041.333333333333
multihit_15_cal_nominal,1000,conv_mean,13,1000,-2041.3218461538452,0.36325651070652015,-2041.333333333333,-2029.8461538461536,-2041.333333333333,2041.321878442565,2041.3218461538452,2041.333333333333,2041.333333333333
multihit_15_cal_nominal,1000,conv_mean,14,1000,-2041.2906666666656,0.6736055307653965,-2041.3333333333328,-2030.6666666666663,-2041.3333333333328,2041.29077769707,2041.2906666666656,2041.3333333333328,2041.3333333333328
multihit_15_cal_nominal,1000,conv_mean,15,1000,-2041.2835555555546,0.7025533332953395,-2041.3333333333328,-2031.3777777777773,-2041.3333333333328,2041.2836763343632,2041.2835555555546,2041.3333333333328,2041.3333333333328
multihit_15_cal_nominal,2000,conv_mean,1,1000,-1926.666666666667,4.549748952343969e-13,-1926.6666666666665,-1926.6666666666665,-1926.6666666666665,1926.6666666666667,1926.666666666667,1926.6666666666665,1926.6666666666665
multihit_15_cal_nominal,2000,conv_mean,2,1000,-1926.5920000000003,2.3611673195923855,-1926.6666666666665,-1852.0,-1926.6666666666665,1926.5934454367898,1926.5920000000003,1926.6666666666665,1926.6666666666665
multihit_15_cal_nominal,2000,conv_mean,3,1000,-1926.6666666666672,4.549748952343969e-13,-1926.6666666666667,-1926.6666666666667,-1926.6666666666667,1926.666666666667,1926.6666666666672,1926.6666666666667,1926.6666666666667
multihit_15_cal_nominal,2000,conv_mean,4,1000,-1926.6293333333335,1.1805836597962,-1926.6666666666665,-1889.333333333333,-1926.6666666666665,1926.6296946856303,1926.6293333333335,1926.6666666666665,1926.6666666666665
multihit_15_cal_nominal,2000,conv_mean,5,1000,-1926.6368000000002,0.944466927836953,-1926.6666666666665,-1896.8,-1926.6666666666665,1926.6370312645818,1926.6368000000002,1926.6666666666665,1926.6666666666665
multihit_15_cal_nominal,2000,conv_mean,6,1000,-1926.5920000000003,1.361855318735584,-1926.6666666666663,-1901.7777777777776,-1926.6666666666663,1926.592480847794,1926.5920000000003,1926.6666666666663,1926.6666666666663
multihit_15_cal_nominal,2000,conv_mean,7,1000,-1926.666666666667,6.824623428515955e-13,-1926.6666666666663,-1926.6666666666663,-1926.6666666666663,1926.666666666666,1926.666666666667,1926.6666666666663,1926.6666666666663
multihit_15_cal_nominal,2000,conv_mean,8,1000,-1926.610666666667,1.0213914890516873,-1926.6666666666665,-1908.0,-1926.6666666666665,1926.6109371409455,1926.610666666667,1926.6666666666665,1926.6666666666665
multihit_15_cal_nominal,2000,conv_mean,9,1000,-1926.633481481482,0.7416718131695453,-1926.6666666666667,-1910.074074074074,-1926.6666666666667,1926.6336240947464,1926.633481481482,1926.6666666666667,1926.6666666666667
multihit_15_cal_nominal,2000,conv_mean,10,1000,-1926.6517333333338,0.4722334639184727,-1926.6666666666667,-1911.7333333333336,-1926.6666666666667,1926.6517911490334,1926.6517333333338,1926.6666666666667,1926.6666666666667
multihit_15_cal_nominal,2000,conv_mean,11,1000,-1926.6259393939404,0.7428301738557752,-1926.666666666667,-1913.0909090909095,-1926.666666666667,1926.626082453586,1926.6259393939404,1926.666666666667,1926.666666666667
multihit_15_cal_nominal,2000,conv_mean,12,1000,-1926.654222222223,0.39352788659872856,-1926.666666666667,-1914.2222222222226,-1926.666666666667,1926.6542623719627,1926.654222222223,1926.666666666667,1926.666666666667
multihit_15_cal_nominal,2000,conv_mean,13,1000,-1926.6322051282061,0.6285486086471992,-1926.666666666667,-1915.1794871794873,-1926.666666666667,1926.632307555194,1926.6322051282061,1926.666666666667,1926.666666666667
multihit_15_cal_nominal,2000,conv_mean,14,1000,-1926.6666666666677,4.549748952343969e-13,-1926.6666666666672,-1926.6666666666672,-1926.6666666666672,1926.6666666666674,1926.6666666666677,1926.6666666666672,1926.6666666666672
multihit_15_cal_nominal,2000,conv_mean,15,1000,-1926.6567111111121,0.3148223092789842,-1926.6666666666672,-1916.7111111111117,-1926.6666666666672,1926.6567368069122,1926.6567111111121,1926.6666666666672,1926.6666666666672
multihit_15_cal_nominal,5000,conv_mean,1,1000,-1689.3333333333323,6.824623428515955e-13,-1689.333333333333,-1689.333333333333,-1689.333333333333,1689.3333333333333,1689.3333333333323,1689.333333333333,1689.333333333333
multihit_15_cal_nominal,5000,conv_mean,2,1000,-1689.3333333333323,6.824623428515955e-13,-1689.333333333333,-1689.333333333333,-1689.333333333333,1689.3333333333333,1689.3333333333323,1689.333333333333,1689.333333333333
multihit_15_cal_nominal,5000,conv_mean,3,1000,-1689.3333333333323,6.824623428515955e-13,-1689.333333333333,-1689.333333333333,-1689.333333333333,1689.3333333333333,1689.3333333333323,1689.333333333333,1689.333333333333
multihit_15_cal_nominal,5000,conv_mean,4,1000,-1689.2559999999992,1.7283602074754378,-1689.333333333333,-1650.6666666666665,-1689.333333333333,1689.2568833003988,1689.2559999999992,1689.333333333333,1689.333333333333
multihit_15_cal_nominal,5000,conv_mean,5,1000,-1689.302399999999,0.978197889545399,-1689.3333333333328,-1658.4,-1689.3333333333328,1689.3026829316286,1689.302399999999,1689.3333333333328,1689.3333333333328
multihit_15_cal_nominal,5000,conv_mean,6,1000,-1689.2559999999992,1.410493008690415,-1689.3333333333328,-1663.5555555555554,-1689.3333333333328,1689.2565882769363,1689.2559999999992,1689.3333333333328,1689.3333333333328
multihit_15_cal_nominal,5000,conv_mean,7,1000,-1689.3112380952373,0.6987127782467126,-1689.3333333333326,-1667.238095238095,-1689.3333333333326,1689.3113824473603,1689.3112380952373,1689.3333333333326,1689.3333333333326
multihit_15_cal_nominal,5000,conv_mean,8,1000,-1689.2946666666655,0.8641801037377191,-1689.333333333333,-1669.9999999999998,-1689.333333333333,1689.2948874867552,1689.2946666666655,1689.333333333333,1689.333333333333
multihit_15_cal_nominal,5000,conv_mean,9,1000,-1689.298962962962,0.7681600922113002,-1689.333333333333,-1672.148148148148,-1689.333333333333,1689.2991374376534,1689.298962962962,1689.333333333333,1689.333333333333
multihit_15_cal_nominal,5000,conv_mean,10,1000,-1689.3178666666659,0.4890989447727031,-1689.3333333333328,-1673.8666666666663,-1689.3333333333328,1689.3179373989303,1689.3178666666659,1689.3333333333328,1689.3333333333328
multihit_15_cal_nominal,5000,conv_mean,11,1000,-1689.305212121211,0.6284946209001493,-1689.3333333333328,-1675.272727272727,-1689.3333333333328,1689.3053289178883,1689.305212121211,1689.3333333333328,1689.3333333333328
multihit_15_cal_nominal,5000,conv_mean,12,1000,-1689.3204444444434,0.4075824539772514,-1689.3333333333328,-1676.4444444444441,-1689.3333333333328,1689.3204935639972,1689.3204444444434,1689.3333333333328,1689.3333333333328
multihit_15_cal_nominal,5000,conv_mean,13,1000,-1689.2857435897427,0.7513292458537015,-1689.3333333333326,-1677.435897435897,-1689.3333333333326,1689.2859105038115,1689.2857435897427,1689.3333333333326,1689.3333333333326
multihit_15_cal_nominal,5000,conv_mean,14,1000,-1689.3112380952368,0.49381720213583075,-1689.3333333333326,-1678.2857142857138,-1689.3333333333326,1689.3113101990523,1689.3112380952368,1689.3333333333326,1689.3333333333326
multihit_15_cal_nominal,5000,conv_mean,15,1000,-1689.3127111111103,0.46089605532677597,-1689.3333333333326,-1679.0222222222217,-1689.3333333333326,1689.31277392149,1689.3127111111103,1689.3333333333326,1689.3333333333326
multihit_15_cal_nominal,10000,conv_mean,1,1000,-1809.3333333333344,4.549748952343969e-13,-1809.333333333334,-1809.333333333334,-1809.333333333334,1809.3333333333335,1809.3333333333344,1809.333333333334,1809.333333333334
multihit_15_cal_nominal,10000,conv_mean,2,1000,-1809.2586666666678,2.3611673195924,-1809.333333333334,-1734.666666666667,-1809.333333333334,1809.260205842279,1809.2586666666678,1809.333333333334,1809.333333333334
multihit_15_cal_nominal,10000,conv_mean,3,1000,-1809.3333333333344,4.549748952343969e-13,-1809.333333333334,-1809.333333333334,-1809.333333333334,1809.3333333333335,1809.3333333333344,1809.333333333334,1809.333333333334
multihit_15_cal_nominal,10000,conv_mean,4,1000,-1809.1840000000009,2.3576193576789315,-1809.333333333334,-1772.0000000000005,-1809.333333333334,1809.1855346167977,1809.1840000000009,1809.333333333334,1809.333333333334
multihit_15_cal_nominal,10000,conv_mean,5,1000,-1809.3034666666676,0.9444669278369598,-1809.333333333334,-1779.4666666666672,-1809.333333333334,1809.303712928755,1809.3034666666676,1809.333333333334,1809.333333333334
multihit_15_cal_nominal,10000,conv_mean,6,1000,-1809.3084444444455,0.7870557731974642,-1809.333333333334,-1784.444444444445,-1809.333333333334,1809.3086154593168,1809.3084444444455,1809.333333333334,1809.333333333334
multihit_15_cal_nominal,10000,conv_mean,7,1000,-1809.3333333333344,4.549748952343969e-13,-1809.333333333334,-1809.333333333334,-1809.333333333334,1809.3333333333335,1809.3333333333344,1809.333333333334,1809.333333333334
multihit_15_cal_nominal,10000,conv_mean,8,1000,-1809.296000000001,0.8343807898157354,-1809.333333333334,-1790.6666666666672,-1809.333333333334,1809.2961922004679,1809.296000000001,1809.333333333334,1809.333333333334
multihit_15_cal_nominal,10000,conv_mean,9,1000,-1809.3167407407416,0.5247038487983094,-1809.333333333334,-1792.7407407407413,-1809.333333333334,1809.3168167470044,1809.3167407407416,1809.333333333334,1809.333333333334
multihit_15_cal_nominal,10000,conv_mean,10,1000,-1809.3333333333344,4.549748952343969e-13,-1809.333333333334,-1809.333333333334,-1809.333333333334,1809.3333333333335,1809.3333333333344,1809.333333333334,1809.333333333334
multihit_15_cal_nominal,10000,conv_mean,11,1000,-1809.3061818181816,0.6068223925932361,-1809.3333333333337,-1795.7575757575767,-1809.3333333333337,1809.306283477364,1809.3061818181816,1809.3333333333337,1809.3333333333337
multihit_15_cal_nominal,10000,conv_mean,12,1000,-1809.3208888888898,0.3935278865987213,-1809.333333333334,-1796.8888888888898,-1809.333333333334,1809.3209316423147,1809.3208888888898,1809.333333333334,1809.333333333334
multihit_15_cal_nominal,10000,conv_mean,13,1000,-1809.287384615386,0.7254213408242809,-1809.3333333333342,-1797.8461538461545,-1809.3333333333342,1809.2875298963036,1809.287384615386,1809.3333333333342,1809.3333333333342
multihit_15_cal_nominal,10000,conv_mean,14,1000,-1809.322666666668,0.33730961708462953,-1809.3333333333342,-1798.6666666666674,-1809.3333333333342,1809.3226980773165,1809.322666666668,1809.3333333333342,1809.3333333333342
multihit_15_cal_nominal,10000,conv_mean,15,1000,-1809.2736000000016,0.7692217817748994,-1809.3333333333344,-1799.3777777777786,-1809.3333333333344,1809.273763355731,1809.2736000000016,1809.3333333333344,1809.3333333333344
multihit_15_cal_nominal,30000,conv_mean,1,1000,-2102.5173333333346,4.722334639184856,-2102.666666666668,-1953.3333333333321,-2102.666666666668,2102.522631295825,2102.5173333333346,2102.666666666668,2102.666666666668
multihit_15_cal_nominal,30000,conv_mean,2,1000,-2102.666666666668,0.0,-2102.666666666668,-2102.666666666668,-2102.666666666668,2102.6666666666683,2102.666666666668,2102.666666666668,2102.666666666668
multihit_15_cal_nominal,30000,conv_mean,3,1000,-2102.567111111112,2.2250154395086614,-2102.666666666668,-2052.888888888889,-2102.666666666668,2102.568287230915,2102.567111111112,2102.666666666668,2102.666666666668
multihit_15_cal_nominal,30000,conv_mean,4,1000,-2102.592000000001,1.6687615796314903,-2102.666666666668,-2065.333333333334,-2102.666666666668,2102.59266155964,2102.592000000001,2102.666666666668,2102.666666666668
multihit_15_cal_nominal,30000,conv_mean,5,1000,-2102.666666666668,0.0,-2102.666666666668,-2102.666666666668,-2102.666666666668,2102.6666666666683,2102.666666666668,2102.666666666668,2102.666666666668
multihit_15_cal_nominal,30000,conv_mean,6,1000,-2102.6417777777788,0.787055773197471,-2102.666666666668,-2077.7777777777787,-2102.666666666668,2102.641924934874,2102.6417777777788,2102.666666666668,2102.666666666668
multihit_15_cal_nominal,30000,conv_mean,7,1000,-2102.666666666668,0.0,-2102.666666666668,-2102.666666666668,-2102.666666666668,2102.6666666666683,2102.666666666668,2102.666666666668,2102.666666666668
multihit_15_cal_nominal,30000,conv_mean,8,1000,-2102.648000000001,0.5902918298981071,-2102.666666666668,-2084.000000000001,-2102.666666666668,2102.6480827756236,2102.648000000001,2102.666666666668,2102.666666666668
multihit_15_cal_nominal,30000,conv_mean,9,1000,-2102.61688888889,0.9079035458237554,-2102.666666666668,-2086.074074074075,-2102.666666666668,2102.6170847078542,2102.61688888889,2102.666666666668,2102.666666666668
multihit_15_cal_nominal,30000,conv_mean,10,1000,-2102.6517333333345,0.47223346391848,-2102.666666666668,-2087.7333333333345,-2102.666666666668,2102.6517863096396,2102.6517333333345,2102.666666666668,2102.666666666668
multihit_15_cal_nominal,30000,conv_mean,11,1000,-2102.6530909090916,0.4293031490168104,-2102.666666666668,-2089.09090909091,-2102.666666666668,2102.6531346911343,2102.6530909090916,2102.666666666668,2102.666666666668
multihit_15_cal_nominal,30000,conv_mean,12,1000,-2102.629333333334,0.6809276593678165,-2102.666666666668,-2090.222222222223,-2102.666666666668,2102.6294434808524,2102.629333333334,2102.666666666668,2102.666666666668
multihit_15_cal_nominal,30000,conv_mean,13,1000,-2102.6322051282064,0.6285486086472076,-2102.666666666668,-2091.179487179488,-2102.666666666668,2102.632298981585,2102.6322051282064,2102.666666666668,2102.666666666668
multihit_15_cal_nominal,30000,conv_mean,14,1000,-2102.6453333333343,0.4767890227518604,-2102.666666666668,-2092.000000000001,-2102.666666666668,2102.6453873368414,2102.6453333333343,2102.666666666668,2102.666666666668
multihit_15_cal_nominal,30000,conv_mean,15,1000,-2102.6467555555564,0.4450030879017324,-2102.666666666668,-2092.711111111112,-2102.666666666668,2102.64680259858,2102.6467555555564,2102.666666666668,2102.666666666668
multihit_15_cal_nominal,20,first_hit_scan,1,1000,-2070.0,0.0,-2070.0,-2070.0,-2070.0,2070.0,2070.0,2070.0,2070.0
multihit_15_cal_nominal,20,first_hit_scan,2,1000,-2070.0,0.0,-2070.0,-2070.0,-2070.0,2070.0,2070.0,2070.0,2070.0
multihit_15_cal_nominal,20,first_hit_scan,3,1000,-2069.9466666666667,1.1919725568796204,-2070.0,-2043.3333333333333,-2070.0,2069.9470095203455,2069.9466666666667,2070.0,2070.0
multihit_15_cal_nominal,20,first_hit_scan,4,1000,-2070.0,0.0,-2070.0,-2070.0,-2070.0,2070.0,2070.0,2070.0,2070.0
multihit_15_cal_nominal,20,first_hit_scan,5,1000,-2069.984,0.5059644256269408,-2070.0,-2054.0,-2070.0,2069.9840617743894,2069.984,2070.0,2070.0
multihit_15_cal_nominal,20,first_hit_scan,6,1000,-2069.9733333333334,0.5959862784398154,-2070.0,-2056.6666666666665,-2070.0,2069.9734190456543,2069.9733333333334,2070.0,2070.0
multihit_15_cal_nominal,20,first_hit_scan,7,1000,-2069.9657142857145,0.6253417279908412,-2070.0,-2058.5714285714284,-2070.0,2069.96580864989,2069.9657142857145,2070.0,2070.0
multihit_15_cal_nominal,20,first_hit_scan,8,1000,-2069.98,0.4469897088298564,-2070.0,-2060.0,-2070.0,2069.980048213026,2069.98,2070.0,2070.0
multihit_15_cal_nominal,20,first_hit_scan,9,1000,-2069.991111111111,0.2810913475705162,-2070.0,-2061.1111111111113,-2070.0,2069.9911301772154,2069.991111111111,2070.0,2070.0
multihit_15_cal_nominal,20,first_hit_scan,10,1000,-2070.0,0.0,-2070.0,-2070.0,-2070.0,2070.0,2070.0,2070.0,2070.0
multihit_15_cal_nominal,20,first_hit_scan,11,1000,-2069.978181818182,0.3979447359941785,-2070.0,-2062.7272727272725,-2070.0,2069.978220031544,2069.978181818182,2070.0,2070.0
multihit_15_cal_nominal,20,first_hit_scan,12,1000,-2069.9733333333334,0.4210034567283691,-2070.0,-2063.3333333333335,-2070.0,2069.97337610361,2069.9733333333334,2070.0,2070.0
multihit_15_cal_nominal,20,first_hit_scan,13,1000,-2069.9692307692303,0.4342706043721233,-2070.0,-2063.846153846154,-2070.0,2069.969276277725,2069.9692307692303,2070.0,2070.0
multihit_15_cal_nominal,20,first_hit_scan,14,1000,-2069.982857142857,0.3126708639954206,-2070.0,-2064.285714285714,-2070.0,2069.982880733706,2069.982857142857,2070.0,2070.0
multihit_15_cal_nominal,20,first_hit_scan,15,1000,-2069.9946666666665,0.16865480854231835,-2070.0,-2064.6666666666665,-2070.0,2069.9946735304525,2069.9946666666665,2070.0,2070.0
multihit_15_cal_nominal,50,first_hit_scan,1,1000,-2120.0,0.0,-2120.0,-2120.0,-2120.0,2120.0,2120.0,2120.0,2120.0
multihit_15_cal_nominal,50,first_hit_scan,2,1000,-2120.0,0.0,-2120.0,-2120.0,-2120.0,2120.0,2120.0,2120.0,2120.0
multihit_15_cal_nominal,50,first_hit_scan,3,1000,-2119.946666666667,1.68654808542314,-2120.0,-2066.6666666666665,-2120.0,2119.9473368721005,2119.946666666667,2120.0,2120.0
multihit_15_cal_nominal,50,first_hit_scan,4,1000,-2119.96,1.2649110640673518,-2120.0,-2080.0,-2120.0,2119.9603769882115,2119.96,2120.0,2120.0
multihit_15_cal_nominal,50,first_hit_scan,5,1000,-2120.0,0.0,-2120.0,-2120.0,-2120.0,2120.0,2120.0,2120.0,2120.0
multihit_15_cal_nominal,50,first_hit_scan,6,1000,-2119.9733333333334,0.8432740427115628,-2120.0,-2093.3333333333335,-2120.0,2119.973500882604,2119.9733333333334,2120.0,2120.0
multihit_15_cal_nominal,50,first_hit_scan,7,1000,-2119.9771428571426,0.7228063223241948,-2120.0,-2097.1428571428573,-2120.0,2119.9772659543464,2119.9771428571426,2120.0,2120.0
multihit_15_cal_nominal,50,first_hit_scan,8,1000,-2120.0,0.0,-2120.0,-2120.0,-2120.0,2120.0,2120.0,2120.0,2120.0
multihit_15_cal_nominal,50,first_hit_scan,9,1000,-2120.0,0.0,-2120.0,-2120.0,-2120.0,2120.0,2120.0,2120.0,2120.0
multihit_15_cal_nominal,50,first_hit_scan,10,1000,-2119.968,0.7151835341277701,-2120.0,-2104.0,-2120.0,2119.968120515023,2119.968,2120.0,2120.0
multihit_15_cal_nominal,50,first_hit_scan,11,1000,-2120.0,0.0,-2120.0,-2120.0,-2120.0,2120.0,2120.0,2120.0,2120.0
multihit_15_cal_nominal,50,first_hit_scan,12,1000,-2119.96,0.7295653493226482,-2120.0,-2106.6666666666665,-2120.0,2119.9601254111676,2119.96,2120.0,2120.0
multihit_15_cal_nominal,50,first_hit_scan,13,1000,-2119.950769230769,0.7772371508831654,-2120.0,-2107.6923076923076,-2120.0,2119.9509115674405,2119.950769230769,2120.0,2120.0
multihit_15_cal_nominal,50,first_hit_scan,14,1000,-2119.9542857142856,0.7217202115343717,-2120.0,-2108.5714285714284,-2120.0,2119.954408443151,2119.9542857142856,2120.0,2120.0
multihit_15_cal_nominal,50,first_hit_scan,15,1000,-2119.978666666667,0.47678902275184015,-2120.0,-2109.3333333333335,-2120.0,2119.9787202286307,2119.978666666667,2120.0,2120.0
multihit_15_cal_nominal,100,first_hit_scan,1,1000,-2070.0,0.0,-2070.0,-2070.0,-2070.0,2070.0,2070.0,2070.0,2070.0
multihit_15_cal_nominal,100,first_hit_scan,2,1000,-2070.0,0.0,-2070.0,-2070.0,-2070.0,2070.0,2070.0,2070.0,2070.0
multihit_15_cal_nominal,100,first_hit_scan,3,1000,-2070.0,0.0,-2070.0,-2070.0,-2070.0,2070.0,2070.0,2070.0,2070.0
multihit_15_cal_nominal,100,first_hit_scan,4,1000,-2070.0,0.0,-2070.0,-2070.0,-2070.0,2070.0,2070.0,2070.0,2070.0
multihit_15_cal_nominal,100,first_hit_scan,5,1000,-2069.968,1.0119288512538813,-2070.0,-2038.0,-2070.0,2069.968247099457,2069.968,2070.0,2070.0
multihit_15_cal_nominal,100,first_hit_scan,6,1000,-2069.9733333333334,0.8432740427115699,-2070.0,-2043.3333333333333,-2070.0,2069.9735049297396,2069.9733333333334,2070.0,2070.0
multihit_15_cal_nominal,100,first_hit_scan,7,1000,-2070.0,0.0,-2070.0,-2070.0,-2070.0,2070.0,2070.0,2070.0,2070.0
multihit_15_cal_nominal,100,first_hit_scan,8,1000,-2069.94,1.09434802398396,-2070.0,-2050.0,-2070.0,2069.9402889938638,2069.94,2070.0,2070.0
multihit_15_cal_nominal,100,first_hit_scan,9,1000,-2069.9644444444443,0.7946483712530802,-2070.0,-2052.222222222222,-2070.0,2069.9645968225554,2069.9644444444443,2070.0,2070.0
multihit_15_cal_nominal,100,first_hit_scan,10,1000,-2069.952,0.875478419187168,-2070.0,-2054.0,-2070.0,2069.952184955005,2069.952,2070.0,2070.0
multihit_15_cal_nominal,100,first_hit_scan,11,1000,-2069.970909090909,0.650166849207062,-2070.0,-2055.4545454545455,-2070.0,2069.9710110957735,2069.970909090909,2070.0,2070.0
multihit_15_cal_nominal,100,first_hit_scan,12,1000,-2069.9866666666667,0.4216370213557887,-2070.0,-2056.6666666666665,-2070.0,2069.986709565493,2069.9866666666667,2070.0,2070.0
multihit_15_cal_nominal,100,first_hit_scan,13,1000,-2069.9753846153844,0.5501411800982878,-2070.0,-2057.6923076923076,-2070.0,2069.9754576482956,2069.9753846153844,2070.0,2070.0
multihit_15_cal_nominal,100,first_hit_scan,14,1000,-2070.0,0.0,-2070.0,-2070.0,-2070.0,2070.0,2070.0,2070.0,2070.0
multihit_15_cal_nominal,100,first_hit_scan,15,1000,-2069.968,0.5836522794581038,-2070.0,-2059.3333333333335,-2070.0,2069.968082201591,2069.968,2070.0,2070.0
multihit_15_cal_nominal,200,first_hit_scan,1,1000,-2050.0,0.0,-2050.0,-2050.0,-2050.0,2050.0,2050.0,2050.0,2050.0
multihit_15_cal_nominal,200,first_hit_scan,2,1000,-2050.0,0.0,-2050.0,-2050.0,-2050.0,2050.0,2050.0,2050.0,2050.0
multihit_15_cal_nominal,200,first_hit_scan,3,1000,-2049.9466666666667,1.6865480854231323,-2050.0,-1996.6666666666667,-2050.0,2049.9473597577517,2049.9466666666667,2050.0,2050.0
multihit_15_cal_nominal,200,first_hit_scan,4,1000,-2050.0,0.0,-2050.0,-2050.0,-2050.0,2050.0,2050.0,2050.0,2050.0
multihit_15_cal_nominal,200,first_hit_scan,5,1000,-2049.904,1.750956838374336,-2050.0,-2018.0,-2050.0,2049.904747055336,2049.904,2050.0,2050.0
multihit_15_cal_nominal,200,first_hit_scan,6,1000,-2049.9733333333334,0.8432740427115699,-2050.0,-2023.3333333333333,-2050.0,2049.9735066038725,2049.9733333333334,2050.0,2050.0
multihit_15_cal_nominal,200,first_hit_scan,7,1000,-2049.9085714285716,1.443440423068729,-2050.0,-2027.142857142857,-2050.0,2049.9090791186472,2049.9085714285716,2050.0,2050.0
multihit_15_cal_nominal,200,first_hit_scan,8,1000,-2049.96,0.8939794176597128,-2050.0,-2030.0,-2050.0,2049.9601947354977,2049.96,2050.0,2050.0
multihit_15_cal_nominal,200,first_hit_scan,9,1000,-2049.9822222222224,0.5621826951410469,-2050.0,-2032.2222222222222,-2050.0,2049.9822992310187,2049.9822222222224,2050.0,2050.0
multihit_15_cal_nominal,200,first_hit_scan,10,1000,-2049.984,0.5059644256269407,-2050.0,-2034.0,-2050.0,2049.9840623770715,2049.984,2050.0,2050.0
multihit_15_cal_nominal,200,first_hit_scan,11,1000,-2049.970909090909,0.650166849207062,-2050.0,-2035.4545454545455,-2050.0,2049.971012090957,2049.970909090909,2050.0,2050.0
multihit_15_cal_nominal,200,first_hit_scan,12,1000,-2049.9866666666667,0.4216370213557815,-2050.0,-2036.6666666666667,-2050.0,2049.986709984021,2049.9866666666667,2050.0,2050.0
multihit_15_cal_nominal,200,first_hit_scan,13,1000,-2049.9507692307693,0.777237150883165,-2050.0,-2037.6923076923076,-2050.0,2049.9509164278334,2049.9507692307693,2050.0,2050.0
multihit_15_cal_nominal,200,first_hit_scan,14,1000,-2049.9542857142856,0.7217202115343574,-2050.0,-2038.5714285714287,-2050.0,2049.954412633986,2049.9542857142856,2050.0,2050.0
multihit_15_cal_nominal,200,first_hit_scan,15,1000,-2049.936,0.8241661947588358,-2050.0,-2039.3333333333333,-2050.0,2049.936165510201,2049.936,2050.0,2050.0
multihit_15_cal_nominal,500,first_hit_scan,1,1000,-2069.84,5.059644256269407,-2070.0,-1910.0,-2070.0,2069.846177859601,2069.84,2070.0,2070.0
multihit_15_cal_nominal,500,first_hit_scan,2,1000,-2069.92,2.5298221281347035,-2070.0,-1990.0,-2070.0,2069.9215444069373,2069.92,2070.0,2070.0
multihit_15_cal_nominal,500,first_hit_scan,3,1000,-2069.9466666666667,1.6865480854231327,-2070.0,-2016.6666666666667,-2070.0,2069.9473530610494,2069.9466666666667,2070.0,2070.0
multihit_15_cal_nominal,500,first_hit_scan,4,1000,-2069.96,1.2649110640673518,-2070.0,-2030.0,-2070.0,2069.960386094381,2069.96,2070.0,2070.0
multihit_15_cal_nominal,500,first_hit_scan,5,1000,-2069.968,1.0119288512538813,-2070.0,-2038.0,-2070.0,2069.968247099457,2069.968,2070.0,2070.0
multihit_15_cal_nominal,500,first_hit_scan,6,1000,-2069.9733333333334,0.8432740427115699,-2070.0,-2043.3333333333333,-2070.0,2069.9735049297396,2069.9733333333334,2070.0,2070.0
multihit_15_cal_nominal,500,first_hit_scan,7,1000,-2070.0,0.0,-2070.0,-2070.0,-2070.0,2070.0,2070.0,2070.0,2070.0
multihit_15_cal_nominal,500,first_hit_scan,8,1000,-2069.98,0.6324555320336759,-2070.0,-2050.0,-2070.0,2069.9800965226696,2069.98,2070.0,2070.0
multihit_15_cal_nominal,500,first_hit_scan,9,1000,-2069.9822222222224,0.5621826951410469,-2070.0,-2052.222222222222,-2070.0,2069.982298486966,2069.9822222222224,2070.0,2070.0
multihit_15_cal_nominal,500,first_hit_scan,10,1000,-2069.968,0.7151835341277701,-2070.0,-2054.0,-2070.0,2069.968123426059,2069.968,2070.0,2070.0
multihit_15_cal_nominal,500,first_hit_scan,11,1000,-2069.970909090909,0.650166849207062,-2070.0,-2055.4545454545455,-2070.0,2069.9710110957735,2069.970909090909,2070.0,2070.0
multihit_15_cal_nominal,500,first_hit_scan,12,1000,-2069.9333333333334,0.9409196428062723,-2070.0,-2056.6666666666665,-2070.0,2069.933546974127,2069.9333333333334,2070.0,2070.0
multihit_15_cal_nominal,500,first_hit_scan,13,1000,-2069.987692307692,0.3892034043284181,-2070.0,-2057.6923076923076,-2070.0,2069.9877288605207,2069.987692307692,2070.0,2070.0
multihit_15_cal_nominal,500,first_hit_scan,14,1000,-2069.9771428571426,0.5108453815198417,-2070.0,-2058.5714285714284,-2070.0,2069.9772058293447,2069.9771428571426,2070.0,2070.0
multihit_15_cal_nominal,500,first_hit_scan,15,1000,-2070.0,0.0,-2070.0,-2070.0,-2070.0,2070.0,2070.0,2070.0,2070.0
multihit_15_cal_nominal,1000,first_hit_scan,1,1000,-2050.0,0.0,-2050.0,-2050.0,-2050.0,2050.0,2050.0,2050.0,2050.0
multihit_15_cal_nominal,1000,first_hit_scan,2,1000,-2049.92,2.529822128134704,-2050.0,-1970.0,-2050.0,2049.9215594748985,2049.92,2050.0,2050.0
multihit_15_cal_nominal,1000,first_hit_scan,3,1000,-2050.0,0.0,-2050.0,-2050.0,-2050.0,2050.0,2050.0,2050.0,2050.0
multihit_15_cal_nominal,1000,first_hit_scan,4,1000,-2050.0,0.0,-2050.0,-2050.0,-2050.0,2050.0,2050.0,2050.0,2050.0
multihit_15_cal_nominal,1000,first_hit_scan,5,1000,-2050.0,0.0,-2050.0,-2050.0,-2050.0,2050.0,2050.0,2050.0,2050.0
multihit_15_cal_nominal,1000,first_hit_scan,6,1000,-2049.92,1.4591306986452839,-2050.0,-2023.3333333333333,-2050.0,2049.9205187844072,2049.92,2050.0,2050.0
multihit_15_cal_nominal,1000,first_hit_scan,7,1000,-2050.0,0.0,-2050.0,-2050.0,-2050.0,2050.0,2050.0,2050.0,2050.0
multihit_15_cal_nominal,1000,first_hit_scan,8,1000,-2049.94,1.0943480239839598,-2050.0,-2030.0,-2050.0,2049.9402918133983,2049.94,2050.0,2050.0
multihit_15_cal_nominal,1000,first_hit_scan,9,1000,-2050.0,0.0,-2050.0,-2050.0,-2050.0,2050.0,2050.0,2050.0,2050.0
multihit_15_cal_nominal,1000,first_hit_scan,10,1000,-2049.904,1.2362492921382453,-2050.0,-2034.0,-2050.0,2049.904372403747,2049.904,2050.0,2050.0
multihit_15_cal_nominal,1000,first_hit_scan,11,1000,-2049.9854545454546,0.45996765966085373,-2050.0,-2035.4545454545455,-2050.0,2049.9855060967166,2049.9854545454546,2050.0,2050.0
multihit_15_cal_nominal,1000,first_hit_scan,12,1000,-2049.9466666666667,0.8420069134567527,-2050.0,-2036.6666666666667,-2050.0,2049.9468394191213,2049.9466666666667,2050.0,2050.0
multihit_15_cal_nominal,1000,first_hit_scan,13,1000,-2049.987692307692,0.38920340432841816,-2050.0,-2037.6923076923076,-2050.0,2049.9877292171354,2049.987692307692,2050.0,2050.0
multihit_15_cal_nominal,1000,first_hit_scan,14,1000,-2049.9542857142856,0.7217202115343575,-2050.0,-2038.5714285714287,-2050.0,2049.954412633986,2049.9542857142856,2050.0,2050.0
multihit_15_cal_nominal,1000,first_hit_scan,15,1000,-2049.9466666666667,0.7527357142450146,-2050.0,-2039.3333333333333,-2050.0,2049.9468047298747,2049.9466666666667,2050.0,2050.0
multihit_15_cal_nominal,2000,first_hit_scan,1,1000,-2090.0,0.0,-2090.0,-2090.0,-2090.0,2090.0,2090.0,2090.0,2090.0
multihit_15_cal_nominal,2000,first_hit_scan,2,1000,-2089.92,2.529822128134704,-2090.0,-2010.0,-2090.0,2089.9215296273687,2089.92,2090.0,2090.0
multihit_15_cal_nominal,2000,first_hit_scan,3,1000,-2090.0,0.0,-2090.0,-2090.0,-2090.0,2090.0,2090.0,2090.0,2090.0
multihit_15_cal_nominal,2000,first_hit_scan,4,1000,-2089.96,1.264911064067352,-2090.0,-2050.0,-2090.0,2089.960382399628,2089.96,2090.0,2090.0
multihit_15_cal_nominal,2000,first_hit_scan,5,1000,-2089.968,1.0119288512538815,-2090.0,-2058.0,-2090.0,2089.968244734833,2089.968,2090.0,2090.0
multihit_15_cal_nominal,2000,first_hit_scan,6,1000,-2089.92,1.4591306986452715,-2090.0,-2063.3333333333335,-2090.0,2089.9205088551416,2089.92,2090.0,2090.0
multihit_15_cal_nominal,2000,first_hit_scan,7,1000,-2090.0,0.0,-2090.0,-2090.0,-2090.0,2090.0,2090.0,2090.0,2090.0
multihit_15_cal_nominal,2000,first_hit_scan,8,1000,-2089.94,1.09434802398396,-2090.0,-2070.0,-2090.0,2089.940286228293,2089.94,2090.0,2090.0
multihit_15_cal_nominal,2000,first_hit_scan,9,1000,-2089.9644444444443,0.7946483712530802,-2090.0,-2072.222222222222,-2090.0,2089.964595364367,2089.9644444444443,2090.0,2090.0
multihit_15_cal_nominal,2000,first_hit_scan,10,1000,-2089.984,0.5059644256269407,-2090.0,-2074.0,-2090.0,2089.984061183243,2089.984,2090.0,2090.0
multihit_15_cal_nominal,2000,first_hit_scan,11,1000,-2089.9563636363637,0.7958894719883322,-2090.0,-2075.4545454545455,-2090.0,2089.9565150286603,2089.9563636363637,2090.0,2090.0
multihit_15_cal_nominal,2000,first_hit_scan,12,1000,-2089.9866666666667,0.42163702135578857,-2090.0,-2076.6666666666665,-2090.0,2089.986709154976,2089.9866666666667,2090.0,2090.0
multihit_15_cal_nominal,2000,first_hit_scan,13,1000,-2089.963076923077,0.6734449378362869,-2090.0,-2077.6923076923076,-2090.0,2089.9631853160313,2089.963076923077,2090.0,2090.0
multihit_15_cal_nominal,2000,first_hit_scan,14,1000,-2090.0,0.0,-2090.0,-2090.0,-2090.0,2090.0,2090.0,2090.0,2090.0
multihit_15_cal_nominal,2000,first_hit_scan,15,1000,-2089.9893333333334,0.3373096170846223,-2090.0,-2079.3333333333335,-2090.0,2089.989360525816,2089.9893333333334,2090.0,2090.0
multihit_15_cal_nominal,5000,first_hit_scan,1,1000,-2050.0,0.0,-2050.0,-2050.0,-2050.0,2050.0,2050.0,2050.0,2050.0
multihit_15_cal_nominal,5000,first_hit_scan,2,1000,-2050.0,0.0,-2050.0,-2050.0,-2050.0,2050.0,2050.0,2050.0,2050.0
multihit_15_cal_nominal,5000,first_hit_scan,3,1000,-2050.0,0.0,-2050.0,-2050.0,-2050.0,2050.0,2050.0,2050.0,2050.0
multihit_15_cal_nominal,5000,first_hit_scan,4,1000,-2049.92,1.7879588353194256,-2050.0,-2010.0,-2050.0,2049.9207789570796,2049.92,2050.0,2050.0
multihit_15_cal_nominal,5000,first_hit_scan,5,1000,-2049.968,1.0119288512538813,-2050.0,-2018.0,-2050.0,2049.968249510221,2049.968,2050.0,2050.0
multihit_15_cal_nominal,5000,first_hit_scan,6,1000,-2049.92,1.4591306986452839,-2050.0,-2023.3333333333333,-2050.0,2049.9205187844072,2049.92,2050.0,2050.0
multihit_15_cal_nominal,5000,first_hit_scan,7,1000,-2049.9771428571426,0.722806322324202,-2050.0,-2027.142857142857,-2050.0,2049.977270157712,2049.9771428571426,2050.0,2050.0
multihit_15_cal_nominal,5000,first_hit_scan,8,1000,-2049.96,0.8939794176597128,-2050.0,-2030.0,-2050.0,2049.9601947354977,2049.96,2050.0,2050.0
multihit_15_cal_nominal,5000,first_hit_scan,9,1000,-2049.9644444444443,0.7946483712530802,-2050.0,-2032.2222222222222,-2050.0,2049.9645983091973,2049.9644444444443,2050.0,2050.0
multihit_15_cal_nominal,5000,first_hit_scan,10,1000,-2049.984,0.5059644256269407,-2050.0,-2034.0,-2050.0,2049.9840623770715,2049.984,2050.0,2050.0
multihit_15_cal_nominal,5000,first_hit_scan,11,1000,-2049.970909090909,0.650166849207062,-2050.0,-2035.4545454545455,-2050.0,2049.971012090957,2049.970909090909,2050.0,2050.0
multihit_15_cal_nominal,5000,first_hit_scan,12,1000,-2049.9866666666667,0.4216370213557813,-2050.0,-2036.6666666666667,-2050.0,2049.986709984021,2049.9866666666667,2050.0,2050.0
multihit_15_cal_nominal,5000,first_hit_scan,13,1000,-2049.9507692307693,0.777237150883165,-2050.0,-2037.6923076923076,-2050.0,2049.9509164278334,2049.9507692307693,2050.0,2050.0
multihit_15_cal_nominal,5000,first_hit_scan,14,1000,-2049.9771428571426,0.5108453815198316,-2050.0,-2038.5714285714287,-2050.0,2049.9772064437143,2049.9771428571426,2050.0,2050.0
multihit_15_cal_nominal,5000,first_hit_scan,15,1000,-2049.9786666666664,0.4767890227518502,-2050.0,-2039.3333333333333,-2050.0,2049.9787220575945,2049.9786666666664,2050.0,2050.0
multihit_15_cal_nominal,10000,first_hit_scan,1,1000,-2090.0,0.0,-2090.0,-2090.0,-2090.0,2090.0,2090.0,2090.0,2090.0
multihit_15_cal_nominal,10000,first_hit_scan,2,1000,-2089.92,2.529822128134704,-2090.0,-2010.0,-2090.0,2089.9215296273687,2089.92,2090.0,2090.0
multihit_15_cal_nominal,10000,first_hit_scan,3,1000,-2090.0,0.0,-2090.0,-2090.0,-2090.0,2090.0,2090.0,2090.0,2090.0
multihit_15_cal_nominal,10000,first_hit_scan,4,1000,-2089.84,2.5260207403702726,-2090.0,-2050.0,-2090.0,2089.8415250922735,2089.84,2090.0,2090.0
multihit_15_cal_nominal,10000,first_hit_scan,5,1000,-2089.968,1.0119288512538813,-2090.0,-2058.0,-2090.0,2089.968244734833,2089.968,2090.0,2090.0
multihit_15_cal_nominal,10000,first_hit_scan,6,1000,-2089.9733333333334,0.8432740427115626,-2090.0,-2063.3333333333335,-2090.0,2089.973503287648,2089.9733333333334,2090.0,2090.0
multihit_15_cal_nominal,10000,first_hit_scan,7,1000,-2090.0,0.0,-2090.0,-2090.0,-2090.0,2090.0,2090.0,2090.0,2090.0
multihit_15_cal_nominal,10000,first_hit_scan,8,1000,-2089.96,0.8939794176597128,-2090.0,-2070.0,-2090.0,2089.9601910084316,2089.96,2090.0,2090.0
multihit_15_cal_nominal,10000,first_hit_scan,9,1000,-2089.9822222222224,0.5621826951410468,-2090.0,-2072.222222222222,-2090.0,2089.982297757154,2089.9822222222224,2090.0,2090.0
multihit_15_cal_nominal,10000,first_hit_scan,10,1000,-2090.0,0.0,-2090.0,-2090.0,-2090.0,2090.0,2090.0,2090.0,2090.0
multihit_15_cal_nominal,10000,first_hit_scan,11,1000,-2089.970909090909,0.650166849207062,-2090.0,-2075.4545454545455,-2090.0,2089.971010119637,2089.970909090909,2090.0,2090.0
multihit_15_cal_nominal,10000,first_hit_scan,12,1000,-2089.9866666666667,0.42163702135578857,-2090.0,-2076.6666666666665,-2090.0,2089.986709154976,2089.9866666666667,2090.0,2090.0
multihit_15_cal_nominal,10000,first_hit_scan,13,1000,-2089.9507692307693,0.7772371508831653,-2090.0,-2077.6923076923076,-2090.0,2089.9509136105985,2089.9507692307693,2090.0,2090.0
multihit_15_cal_nominal,10000,first_hit_scan,14,1000,-2089.9885714285715,0.36140316116210464,-2090.0,-2078.5714285714284,-2090.0,2089.9886026444437,2089.9885714285715,2090.0,2090.0
multihit_15_cal_nominal,10000,first_hit_scan,15,1000,-2089.936,0.8241661947588182,-2090.0,-2079.3333333333335,-2090.0,2089.936162342445,2089.936,2090.0,2090.0
multihit_15_cal_nominal,30000,first_hit_scan,1,1000,-2089.84,5.059644256269407,-2090.0,-1930.0,-2090.0,2089.8461187369753,2089.84,2090.0,2090.0
multihit_15_cal_nominal,30000,first_hit_scan,2,1000,-2090.0,0.0,-2090.0,-2090.0,-2090.0,2090.0,2090.0,2090.0,2090.0
multihit_15_cal_nominal,30000,first_hit_scan,3,1000,-2089.8933333333334,2.3839451137592307,-2090.0,-2036.6666666666667,-2090.0,2089.894691658463,2089.8933333333334,2090.0,2090.0
multihit_15_cal_nominal,30000,first_hit_scan,4,1000,-2089.92,1.7879588353194256,-2090.0,-2050.0,-2090.0,2089.920764048245,2089.92,2090.0,2090.0
multihit_15_cal_nominal,30000,first_hit_scan,5,1000,-2090.0,0.0,-2090.0,-2090.0,-2090.0,2090.0,2090.0,2090.0,2090.0
multihit_15_cal_nominal,30000,first_hit_scan,6,1000,-2089.9733333333334,0.8432740427115627,-2090.0,-2063.3333333333335,-2090.0,2089.973503287648,2089.9733333333334,2090.0,2090.0
multihit_15_cal_nominal,30000,first_hit_scan,7,1000,-2090.0,0.0,-2090.0,-2090.0,-2090.0,2090.0,2090.0,2090.0,2090.0
multihit_15_cal_nominal,30000,first_hit_scan,8,1000,-2089.98,0.6324555320336759,-2090.0,-2070.0,-2090.0,2089.9800955989986,2089.98,2090.0,2090.0
multihit_15_cal_nominal,30000,first_hit_scan,9,1000,-2089.9466666666667,0.9727537990968561,-2090.0,-2072.222222222222,-2090.0,2089.946892821637,2089.9466666666667,2090.0,2090.0
multihit_15_cal_nominal,30000,first_hit_scan,10,1000,-2089.984,0.5059644256269408,-2090.0,-2074.0,-2090.0,2089.984061183243,2089.984,2090.0,2090.0
multihit_15_cal_nominal,30000,first_hit_scan,11,1000,-2089.9854545454546,0.45996765966085384,-2090.0,-2075.4545454545455,-2090.0,2089.9855051100826,2089.9854545454546,2090.0,2090.0
multihit_15_cal_nominal,30000,first_hit_scan,12,1000,-2089.96,0.729565349322648,-2090.0,-2076.6666666666665,-2090.0,2089.9601272113623,2089.96,2090.0,2090.0
multihit_15_cal_nominal,30000,first_hit_scan,13,1000,-2089.963076923077,0.6734449378362869,-2090.0,-2077.6923076923076,-2090.0,2089.9631853160313,2089.963076923077,2090.0,2090.0
multihit_15_cal_nominal,30000,first_hit_scan,14,1000,-2089.9771428571426,0.5108453815198418,-2090.0,-2078.5714285714284,-2090.0,2089.977205226733,2089.9771428571426,2090.0,2090.0
multihit_15_cal_nominal,30000,first_hit_scan,15,1000,-2089.978666666667,0.47678902275184015,-2090.0,-2079.3333333333335,-2090.0,2089.9787209974706,2089.978666666667,2090.0,2090.0
